case,variant,telemetry,round,wall_ms,first_output_ms,user_ms,system_ms,peak_rss_bytes,peak_footprint_bytes,instructions,cycles,disk_read_bytes,disk_write_bytes,minor_faults,major_faults,voluntary_switches,involuntary_switches,stdout_bytes,exit,cpu_ms
empty,baseline,off,0,18.235,-1.0,13.006,4.034,29933568,21513344,146961257,56328451,0,0,2046,0,0,96,0,0,17.04
empty,baseline,off,1,17.679,-1.0,12.553,4.001,29016064,20612288,146804754,55525237,0,0,1988,0,0,94,0,0,16.554000000000002
empty,baseline,off,2,19.692,-1.0,13.694,4.345,31948800,23495808,147904710,58176671,0,0,2166,0,0,99,0,0,18.039
empty,baseline,off,3,19.18,-1.0,13.346,3.919,31293440,22938880,147785902,55750448,0,0,2128,0,0,96,0,0,17.265
empty,baseline,off,4,19.136,-1.0,13.086,3.72,29556736,21152896,146869048,55518738,0,0,2021,0,0,83,0,0,16.806
empty,baseline,off,5,18.777,-1.0,13.617,3.863,31424512,23037248,147386452,56723372,0,0,2137,0,0,96,0,0,17.48
empty,baseline,off,6,18.684,-1.0,13.02,3.59,28573696,20153472,146357477,54748152,0,0,1960,0,0,82,0,0,16.61
empty,baseline,off,7,18.613,-1.0,13.133,3.89,30932992,22529216,147618537,55057805,0,0,2105,0,0,94,0,0,17.023
empty,baseline,off,8,18.178,-1.0,12.993,3.695,28901376,20481088,146470083,54491279,0,0,1981,0,0,88,0,0,16.688
empty,baseline,off,9,18.775,-1.0,13.298,3.929,29409280,21021952,146636669,55604913,0,0,2013,0,0,91,0,0,17.227
empty,baseline,off,10,18.482,-1.0,13.279,3.645,29130752,20776320,146601603,55217666,0,0,1996,0,0,81,0,0,16.924
empty,baseline,off,11,18.813,-1.0,13.155,3.751,28999680,20595840,146140694,55409603,0,0,1987,0,0,78,0,0,16.906
empty,baseline,off,12,19.848,-1.0,13.76,3.864,29278208,20907328,146654853,57254228,0,0,2006,0,0,73,0,0,17.624
empty,baseline,off,13,20.064,-1.0,13.629,4.419,31014912,22627520,147595190,59301483,0,0,2113,0,0,106,0,0,18.048
empty,baseline,off,14,19.031,-1.0,13.531,3.841,30212096,21857536,147087356,56585213,0,0,2062,0,0,92,0,0,17.372
empty,baseline,off,15,18.628,-1.0,13.763,3.61,29425664,21120512,146728321,56688678,0,0,2012,0,0,95,0,0,17.373
empty,baseline,off,16,17.892,-1.0,13.042,3.8,28704768,20251712,146655751,54711828,0,0,1967,0,0,106,0,0,16.842
empty,baseline,off,17,18.504,-1.0,13.25,3.882,28704768,20251648,146362332,54909863,0,0,1970,0,0,81,0,0,17.132
empty,baseline,off,18,18.282,-1.0,13.177,3.631,29409280,20989056,146373163,54847936,0,0,2014,0,0,87,0,0,16.808
empty,baseline,off,19,18.302,-1.0,13.152,3.785,28622848,20186176,146597139,56846899,0,0,1965,0,0,97,0,0,16.936999999999998
empty,baseline,off,20,18.959,-1.0,13.426,3.797,31031296,22643968,147544219,56052973,0,0,2113,0,0,96,0,0,17.223
empty,baseline,off,21,17.604,-1.0,12.571,3.502,29065216,20677824,146678576,53883667,0,0,1990,0,0,85,0,0,16.073
empty,baseline,off,22,18.526,-1.0,13.114,3.823,28868608,20448384,146611824,55806127,0,0,1979,0,0,90,0,0,16.937
empty,baseline,off,23,19.251,-1.0,13.733,3.841,31604736,23184640,147719711,55967644,0,0,2145,0,0,88,0,0,17.574
empty,baseline,off,24,18.851,-1.0,13.205,3.887,28901376,20481088,146777982,56906912,0,0,1982,0,0,96,0,0,17.092
empty,baseline,off,25,18.085,-1.0,12.946,3.647,28557312,20120640,146489302,54451792,0,0,1958,0,0,91,0,0,16.593
empty,baseline,off,26,43.529,-1.0,13.449,3.839,28852224,20448384,146617691,56376957,0,0,1977,0,0,106,0,0,17.288
empty,baseline,off,27,19.437,-1.0,13.703,4.434,29458432,21038208,146608160,59080188,0,0,2016,0,0,106,0,0,18.137
empty,baseline,off,28,19.185,-1.0,13.471,4.119,29163520,20759680,146967750,58064828,0,0,1998,0,0,98,0,0,17.59
empty,baseline,off,29,17.659,-1.0,12.809,3.706,28901376,20464704,146594554,54748328,0,0,1982,0,0,90,0,0,16.515
empty,baseline,off,30,18.588,-1.0,13.035,3.829,28803072,20382848,146597670,56247155,0,0,1972,0,0,86,0,0,16.864
empty,baseline,off,31,18.37,-1.0,13.005,3.913,31326208,22905984,147841628,55763261,0,0,2128,0,0,92,0,0,16.918
empty,baseline,off,32,19.277,-1.0,13.917,3.85,31080448,22693120,147435731,58355607,0,0,2117,0,0,97,0,0,17.767
empty,baseline,off,33,18.706,-1.0,13.184,3.841,31080448,22709568,147500470,56203918,0,0,2116,0,0,96,0,0,17.025
empty,baseline,off,34,18.816,-1.0,13.102,4.446,31162368,22775040,148017323,57965352,0,0,2121,0,0,111,0,0,17.548000000000002
empty,baseline,off,35,18.665,-1.0,13.38,3.842,29999104,21644608,147131634,56204795,0,0,2049,0,0,94,0,0,17.222
empty,baseline,off,36,19.069,-1.0,13.35,4.171,29294592,20907200,147318143,57850001,0,0,2007,0,0,115,0,0,17.521
empty,baseline,off,37,19.59,-1.0,13.903,4.282,30703616,22299776,147177825,59882144,0,0,2090,0,0,103,0,0,18.185000000000002
empty,baseline,off,38,18.421,-1.0,12.809,3.994,28901376,20481152,146967959,56116080,0,0,1981,0,0,95,0,0,16.803
empty,baseline,off,39,18.596,-1.0,13.02,3.946,28426240,19989632,146660547,55545558,0,0,1952,0,0,84,0,0,16.966
empty,baseline,off,40,19.052,-1.0,13.372,4.336,28639232,20218944,146596599,57946281,0,0,1966,0,0,92,0,0,17.708
empty,baseline,off,41,18.434,-1.0,12.947,3.811,29196288,20792512,146279474,55843720,0,0,2000,0,0,83,0,0,16.758
empty,baseline,off,42,18.812,-1.0,13.153,3.874,28966912,20546688,146605462,56450652,0,0,1983,0,0,88,0,0,17.027
empty,baseline,off,43,17.89,-1.0,12.853,3.621,28688384,20268096,146509867,54656610,0,0,1966,0,0,88,0,0,16.474
empty,baseline,off,44,18.859,-1.0,13.812,3.741,29802496,21448064,146779347,57319087,0,0,2038,0,0,87,0,0,17.553
empty,baseline,off,45,17.929,-1.0,13.066,3.733,28590080,20153408,146530115,54586990,0,0,1962,0,0,93,0,0,16.799
empty,baseline,off,46,17.935,-1.0,13.081,3.757,28491776,20055104,146439639,54860041,0,0,1957,0,0,89,0,0,16.838
empty,baseline,off,47,18.283,-1.0,13.439,4.116,28819456,20399168,146644328,54855720,0,0,1974,0,0,96,0,0,17.555
empty,baseline,off,48,18.718,-1.0,13.319,3.726,28590080,20120576,146509168,55515456,0,0,1962,0,0,94,0,0,17.045
empty,baseline,off,49,20.425,-1.0,14.093,4.651,29179904,20776064,146625656,61078053,0,0,1999,0,0,90,0,0,18.744
empty,baseline,off,50,19.161,-1.0,13.767,4.009,29097984,20677760,147100005,57007926,0,0,1993,0,0,88,0,0,17.776
empty,baseline,off,51,18.601,-1.0,13.338,3.884,29114368,20726976,146998057,55395773,0,0,1995,0,0,95,0,0,17.221999999999998
empty,baseline,off,52,19.282,-1.0,13.206,4.622,31866880,23512384,148051455,57967991,0,0,2163,0,0,97,0,0,17.828
empty,baseline,off,53,20.029,-1.0,13.75,4.232,29360128,20956352,146590828,58222642,0,0,2013,0,0,65,0,0,17.982
empty,baseline,off,54,18.825,-1.0,13.344,3.964,28966912,20579520,146693617,57271042,0,0,1985,0,0,89,0,0,17.308
empty,baseline,off,55,18.511,-1.0,13.019,4.239,29163520,20743296,147035430,57078281,0,0,1997,0,0,103,0,0,17.258
empty,baseline,off,56,19.037,-1.0,13.738,4.087,31801344,23397632,148098027,56975368,0,0,2161,0,0,91,0,0,17.825
empty,baseline,off,57,19.018,-1.0,13.423,3.893,29392896,21005504,146924668,54872057,0,0,2012,0,0,83,0,0,17.316
empty,baseline,off,58,18.794,-1.0,13.349,4.022,28917760,20530432,146453530,56284186,0,0,1984,0,0,90,0,0,17.371000000000002
empty,baseline,off,59,18.485,-1.0,13.546,3.758,31539200,23184640,147784550,56053104,0,0,2143,0,0,87,0,0,17.304
empty,baseline,off,60,18.222,-1.0,13.027,4.175,28917760,20513920,146839824,55696059,0,0,1982,0,0,95,0,0,17.201999999999998
empty,baseline,off,61,19.58,-1.0,13.396,4.407,28901376,20481152,146608893,58373729,0,0,1983,0,0,89,0,0,17.803
empty,baseline,off,62,18.912,-1.0,13.267,3.956,28966912,20579520,146536696,56717272,0,0,1986,0,0,87,0,0,17.223
empty,baseline,off,63,17.755,-1.0,12.915,3.777,28557312,20169920,146467717,54263978,0,0,1960,0,0,88,0,0,16.692
empty,baseline,off,64,18.721,-1.0,13.501,3.932,30720000,22316224,147692068,56363393,0,0,2092,0,0,102,0,0,17.433
empty,baseline,off,65,18.779,-1.0,12.884,4.539,31883264,23446720,148372544,57707537,0,0,2165,0,0,104,0,0,17.423000000000002
empty,baseline,off,66,18.105,-1.0,12.939,3.673,28917760,20497536,146716121,55143273,0,0,1984,0,0,93,0,0,16.612000000000002
empty,baseline,off,67,18.151,-1.0,12.993,4.074,28524544,20104256,146626435,56252169,0,0,1958,0,0,86,0,0,17.067
empty,baseline,off,68,18.782,-1.0,13.584,4.018,28868608,20415552,146469660,56899035,0,0,1979,0,0,92,0,0,17.602
empty,baseline,off,69,18.113,-1.0,12.94,3.986,30457856,22054016,147236959,54905754,0,0,2077,0,0,86,0,0,16.926
empty,baseline,off,70,18.581,-1.0,13.096,4.119,31457280,23069952,148082767,55727216,0,0,2139,0,0,89,0,0,17.215
empty,baseline,off,71,19.618,-1.0,14.004,4.089,31227904,22873344,147904524,57034072,0,0,2124,0,0,92,0,0,18.093
empty,baseline,off,72,17.919,-1.0,12.8,3.579,29097984,20677696,146858143,54574334,0,0,1994,0,0,104,0,0,16.379
empty,baseline,off,73,19.29,-1.0,13.924,3.954,31522816,23151936,147804506,57626930,0,0,2140,0,0,99,0,0,17.878
empty,baseline,off,74,19.416,-1.0,13.575,4.429,28786688,20366464,147068438,59198972,0,0,1974,0,0,97,0,0,18.003999999999998
empty,baseline,off,75,18.091,-1.0,13.001,4.054,29196288,20808960,147067946,56307055,0,0,2001,0,0,104,0,0,17.055
empty,baseline,off,76,18.675,-1.0,13.39,3.91,31375360,22971584,147780370,56454774,0,0,2134,0,0,92,0,0,17.3
empty,baseline,off,77,18.512,-1.0,13.09,3.968,28966912,20579520,146736878,55992124,0,0,1985,0,0,89,0,0,17.058
empty,baseline,off,78,19.704,-1.0,14.022,3.965,31113216,22775104,148040859,58026581,0,0,2117,0,0,96,0,0,17.987000000000002
empty,baseline,off,79,19.189,-1.0,13.242,4.382,29048832,20628608,146915161,58140874,0,0,1990,0,0,99,0,0,17.624000000000002
empty,baseline,off,80,19.037,-1.0,13.897,3.979,31129600,22742272,147509317,57881048,0,0,2117,0,0,103,0,0,17.876
empty,baseline,off,81,18.831,-1.0,13.254,3.943,31768576,23430528,147750819,56311041,0,0,2155,0,0,89,0,0,17.197
empty,baseline,off,82,18.501,-1.0,13.106,4.061,28999680,20595840,146887616,56950893,0,0,1989,0,0,99,0,0,17.167
empty,baseline,off,83,18.189,-1.0,13.365,3.656,28803072,20382848,146526088,54326978,0,0,1976,0,0,100,0,0,17.021
empty,baseline,off,84,18.814,-1.0,13.264,3.933,30474240,22021312,147541220,55906064,0,0,2076,0,0,83,0,0,17.197
empty,baseline,off,85,19.683,-1.0,13.954,4.349,31965184,23610752,148040787,59385063,0,0,2170,0,0,94,0,0,18.303
empty,baseline,off,86,18.743,-1.0,13.416,3.71,31358976,22988032,148066317,55721947,0,0,2132,0,0,102,0,0,17.126
empty,baseline,off,87,18.676,-1.0,13.368,4.165,28459008,20022272,146486761,56106978,0,0,1955,0,0,90,0,0,17.533
empty,baseline,off,88,18.353,-1.0,13.168,3.673,30130176,21742912,147120581,55416491,0,0,2056,0,0,92,0,0,16.841
empty,baseline,off,89,18.581,-1.0,13.233,4.103,29081600,20694208,146685735,56011009,0,0,1993,0,0,87,0,0,17.336
empty,baseline,off,90,18.315,-1.0,13.168,3.863,29097984,20694144,146742380,56243700,0,0,1993,0,0,86,0,0,17.031
empty,baseline,off,91,19.191,-1.0,13.352,4.01,31211520,22840640,147593538,57524858,0,0,2124,0,0,102,0,0,17.362000000000002
empty,baseline,off,92,19.948,-1.0,13.06,3.859,30277632,21890304,147220950,54773408,0,0,2066,0,0,101,0,0,16.919
empty,baseline,off,93,18.695,-1.0,12.951,4.377,28803072,20382784,146618230,56949201,0,0,1977,0,0,91,0,0,17.328
empty,baseline,off,94,18.567,-1.0,13.1,3.405,30294016,21923136,146714503,54819654,0,0,2065,0,0,88,0,0,16.505
empty,baseline,off,95,18.107,-1.0,12.939,3.958,28884992,20481152,146494843,55175949,0,0,1982,0,0,87,0,0,16.897
empty,baseline,off,96,19.301,-1.0,13.687,4.165,31358976,22971648,147813749,58187926,0,0,2131,0,0,102,0,0,17.852
empty,baseline,off,97,20.882,-1.0,14.222,4.706,31408128,23037120,148499153,61418865,0,0,2137,0,0,141,0,0,18.928
empty,baseline,off,98,18.868,-1.0,13.501,3.906,29327360,20923584,146819569,56847149,0,0,2006,0,0,93,0,0,17.407
empty,baseline,off,99,17.856,-1.0,12.636,3.957,30572544,22185216,147152796,55289451,0,0,2082,0,0,91,0,0,16.593
empty,baseline,local,0,21.079,-1.0,15.574,4.746,32374784,23299264,167177801,65062229,0,4096,2201,0,0,122,0,0,20.32
empty,baseline,local,1,21.808,-1.0,15.306,5.629,34209792,25150784,167726531,66554531,0,4096,2310,0,0,117,0,0,20.935
empty,baseline,local,2,21.091,-1.0,14.977,4.616,33128448,24069376,166983623,63749041,0,4096,2244,0,0,111,0,0,19.593
empty,baseline,local,3,20.061,-1.0,14.496,4.789,33030144,23905472,167819115,62223051,0,4096,2238,0,0,112,0,0,19.285
empty,baseline,local,4,20.361,-1.0,14.547,4.663,31752192,22676672,166832963,62339992,0,4096,2162,0,0,120,0,0,19.21
empty,baseline,local,5,20.242,-1.0,14.592,4.661,31473664,22414528,166511589,62382660,0,4096,2146,0,0,103,0,0,19.253
empty,baseline,local,6,21.219,-1.0,14.566,4.432,31178752,22136128,166575350,61847197,0,4096,2127,0,0,102,0,0,18.998
empty,baseline,local,7,20.174,-1.0,14.809,4.182,31277056,22168640,166401287,61646278,0,4096,2133,0,0,102,0,0,18.991
empty,baseline,local,8,20.099,-1.0,14.55,4.47,31162368,22070400,166393374,62334382,0,4096,2126,0,0,107,0,0,19.02
empty,baseline,local,9,20.434,-1.0,14.732,4.627,32276480,23266752,166869201,63641666,0,4096,2194,0,0,109,0,0,19.358999999999998
empty,baseline,local,10,42.323,-1.0,14.599,4.4,30932992,21775296,166495321,61228461,0,4096,2111,0,0,110,0,0,18.999000000000002
empty,baseline,local,11,21.162,-1.0,15.11,4.766,31031296,21906432,166335367,64187890,0,4096,2117,0,0,102,0,0,19.875999999999998
empty,baseline,local,12,20.901,-1.0,14.738,4.575,31588352,22529216,166501769,63876156,0,4096,2153,0,0,100,0,0,19.313
empty,baseline,local,13,20.655,-1.0,14.978,4.657,31735808,22676800,166992196,64438954,0,4096,2161,0,0,107,0,0,19.634999999999998
empty,baseline,local,14,20.641,-1.0,15.176,4.822,32358400,23266496,166762246,62640299,0,4096,2199,0,0,110,0,0,19.998
empty,baseline,local,15,20.582,-1.0,14.752,4.378,31408128,22299712,167387453,63649453,0,4096,2140,0,0,110,0,0,19.130000000000003
empty,baseline,local,16,30.39,-1.0,15.428,4.361,31784960,22742272,166663907,64570293,0,4096,2165,0,0,109,0,0,19.789
empty,baseline,local,17,19.872,-1.0,14.707,4.071,31571968,22480000,166501263,61063176,0,4096,2150,0,0,110,0,0,18.778
empty,baseline,local,18,20.504,-1.0,14.783,4.416,30867456,21791808,166409424,62557699,0,4096,2109,0,0,104,0,0,19.198999999999998
empty,baseline,local,19,21.472,-1.0,14.882,5.543,33128448,24085824,167166570,66750290,0,4096,2246,0,0,117,0,0,20.425
empty,baseline,local,20,19.573,-1.0,14.495,4.184,31293440,22217856,166471321,60948857,0,4096,2135,0,0,105,0,0,18.679
empty,baseline,local,21,21.126,-1.0,15.045,4.538,33816576,24741056,167709361,64365793,0,4096,2289,0,0,117,0,0,19.583
empty,baseline,local,22,21.096,-1.0,15.148,4.596,31539200,22480064,166661875,65557126,0,4096,2150,0,0,115,0,0,19.744
empty,baseline,local,23,21.248,-1.0,14.532,4.229,31408128,22332544,166619129,61576560,0,4096,2142,0,0,114,0,0,18.761
empty,baseline,local,24,20.252,-1.0,14.553,4.643,31588352,22545664,166637789,63968301,0,4096,2154,0,0,112,0,0,19.196
empty,baseline,local,25,20.623,-1.0,14.619,4.576,31326208,22250752,166663795,63056278,4096,4096,2135,0,1,108,0,0,19.195
empty,baseline,local,26,20.633,-1.0,14.885,4.473,32358400,23282880,167235668,63903280,4096,4096,2200,0,1,112,0,0,19.358
empty,baseline,local,27,20.535,-1.0,14.8,4.366,31309824,22250688,166561800,63595826,0,4096,2136,0,0,106,0,0,19.166
empty,baseline,local,28,20.286,-1.0,14.702,4.451,33439744,24380672,167370025,63162161,0,4096,2266,0,0,116,0,0,19.153
empty,baseline,local,29,20.45,-1.0,14.799,4.645,31408128,22332608,166501950,63504236,0,4096,2142,0,0,119,0,0,19.444
empty,baseline,local,30,20.63,-1.0,14.614,4.667,33996800,24921344,167893194,63707878,0,4096,2297,0,0,112,0,0,19.281
empty,baseline,local,31,20.633,-1.0,14.791,4.757,32178176,23102656,166832537,63657665,0,4096,2188,0,0,114,0,0,19.548000000000002
empty,baseline,local,32,22.114,-1.0,15.592,5.115,32669696,23594304,167926484,68078185,0,4096,2220,0,0,107,0,0,20.707
empty,baseline,local,33,20.955,-1.0,14.81,4.938,31408128,22332544,166839501,65455456,0,4096,2141,0,0,113,0,0,19.748
empty,baseline,local,34,20.131,-1.0,14.604,4.596,31555584,22496448,166745333,63664131,0,4096,2150,0,0,109,0,0,19.2
empty,baseline,local,35,20.361,-1.0,14.542,4.597,33554432,24495296,167639174,62619436,0,4096,2273,0,0,106,0,0,19.139
empty,baseline,local,36,20.045,-1.0,14.487,4.504,33275904,24249728,167200200,62049360,0,4096,2256,0,0,101,0,0,18.991
empty,baseline,local,37,20.361,-1.0,14.899,4.361,32456704,23414016,167402788,63495682,0,4096,2206,0,0,106,0,0,19.259999999999998
empty,baseline,local,38,45.967,-1.0,14.729,4.742,32407552,23397760,167057425,64735978,0,4096,2202,0,0,109,0,0,19.471
empty,baseline,local,39,20.377,-1.0,14.933,5.289,33488896,24413440,167960119,65878723,0,4096,2268,0,0,129,0,0,20.222
empty,baseline,local,40,20.323,-1.0,14.514,4.689,32587776,23479360,166968837,63375289,0,4096,2214,0,0,101,0,0,19.203
empty,baseline,local,41,21.539,-1.0,14.712,4.728,33996800,24937728,167400766,63035704,0,4096,2297,0,0,115,0,0,19.439999999999998
empty,baseline,local,42,20.445,-1.0,14.513,4.712,33751040,24659136,167614461,62980323,0,4096,2282,0,0,104,0,0,19.225
empty,baseline,local,43,20.294,-1.0,14.347,4.514,30588928,21480448,167633731,61748867,0,4096,2091,0,0,106,0,0,18.861
empty,baseline,local,44,19.709,-1.0,14.303,4.428,31391744,22299776,166498343,61855385,0,4096,2139,0,0,100,0,0,18.731
empty,baseline,local,45,19.992,-1.0,14.531,4.651,32964608,23872768,167766270,62094200,0,4096,2234,0,0,106,0,0,19.182000000000002
empty,baseline,local,46,20.123,-1.0,14.345,4.525,32210944,23118976,167090600,62175369,0,4096,2191,0,0,104,0,0,18.87
empty,baseline,local,47,36.206,-1.0,14.543,4.564,33538048,24462528,167705698,62738503,0,4096,2272,0,0,105,0,0,19.107
empty,baseline,local,48,23.793,-1.0,15.37,4.906,32391168,23364928,167068823,64005918,0,4096,2202,0,0,119,0,0,20.276
empty,baseline,local,49,20.658,-1.0,14.801,4.527,33652736,24577216,167574776,62753575,0,4096,2279,0,0,102,0,0,19.328
empty,baseline,local,50,20.287,-1.0,14.366,4.479,31277056,22185152,166420718,62174807,0,4096,2131,0,0,103,0,0,18.845
empty,baseline,local,51,20.535,-1.0,14.613,4.714,31358976,22283392,166656977,63768940,0,4096,2138,0,0,108,0,0,19.326999999999998
empty,baseline,local,52,46.274,-1.0,15.1,5.529,31309824,22234368,166799487,66715548,0,4096,2134,0,0,120,0,0,20.628999999999998
empty,baseline,local,53,21.526,-1.0,15.364,4.731,32538624,23496000,166926350,63903062,0,4096,2209,0,0,97,0,0,20.095
empty,baseline,local,54,21.487,-1.0,15.264,4.797,33980416,24872192,167778991,63671271,0,4096,2296,0,0,103,0,0,20.061
empty,baseline,local,55,21.149,-1.0,14.891,5.055,33488896,24364160,167634970,64572558,0,4096,2266,0,0,106,0,0,19.945999999999998
empty,baseline,local,56,19.973,-1.0,14.705,4.389,32178176,23086272,166966348,62202946,0,4096,2188,0,0,100,0,0,19.094
empty,baseline,local,57,20.889,-1.0,14.691,5.037,33865728,24757440,168083371,63805301,0,4096,2289,0,0,110,0,0,19.728
empty,baseline,local,58,20.975,-1.0,14.949,5.118,32555008,23479488,167359411,65783808,0,4096,2212,0,0,107,0,0,20.067
empty,baseline,local,59,20.371,-1.0,14.64,4.503,31571968,22496448,166526713,62318112,0,4096,2151,0,0,98,0,0,19.143
empty,baseline,local,60,20.319,-1.0,14.482,4.714,30769152,21611520,167847829,62902425,0,4096,2100,0,0,105,0,0,19.195999999999998
empty,baseline,local,61,36.185,-1.0,14.778,5.101,30900224,21808128,166764723,64072248,0,4096,2111,0,0,115,0,0,19.879
empty,baseline,local,62,21.455,-1.0,14.978,4.801,33521664,24446208,167655227,63840008,0,4096,2269,0,0,113,0,0,19.779
empty,baseline,local,63,20.926,-1.0,15.059,4.821,31424512,22365376,166465381,65819498,0,4096,2142,0,0,105,0,0,19.88
empty,baseline,local,64,19.824,-1.0,14.419,4.541,31997952,22906176,166856450,62353480,0,4096,2175,0,0,108,0,0,18.96
empty,baseline,local,65,19.411,-1.0,14.088,4.615,33603584,24495232,167872914,61501603,4096,4096,2274,0,1,104,0,0,18.703
empty,baseline,local,66,21.65,-1.0,14.926,4.765,33456128,24347904,167543959,63331301,0,4096,2264,0,0,116,0,0,19.691
empty,baseline,local,67,21.349,-1.0,14.876,5.458,32768000,23725184,167479778,66116555,0,4096,2224,0,0,107,0,0,20.334
empty,baseline,local,68,19.864,-1.0,14.556,4.436,31555584,22430784,166691012,62749899,0,4096,2148,0,0,115,0,0,18.991999999999997
empty,baseline,local,69,20.346,-1.0,14.107,4.872,31604736,22512768,166655376,62848772,0,4096,2153,0,0,95,0,0,18.979
empty,baseline,local,70,19.976,-1.0,14.15,4.839,31375360,22250624,166645904,62803893,0,4096,2136,0,0,112,0,0,18.989
empty,baseline,local,71,20.672,-1.0,14.803,5.113,32227328,23168256,167060011,63939072,0,4096,2191,0,0,100,0,0,19.916
empty,baseline,local,72,22.422,-1.0,14.981,4.579,34144256,25085248,168006710,62344006,0,4096,2307,0,0,111,0,0,19.56
empty,baseline,local,73,21.284,-1.0,15.622,4.774,34373632,25314560,167955192,65681266,0,4096,2320,0,0,116,0,0,20.396
empty,baseline,local,74,20.145,-1.0,14.543,4.552,31326208,22250624,166538247,62649436,0,4096,2136,0,0,114,0,0,19.095
empty,baseline,local,75,20.99,-1.0,15.006,4.808,33177600,24052864,167821459,63282681,0,4096,2248,0,0,107,0,0,19.814
empty,baseline,local,76,20.683,-1.0,14.949,4.709,31227904,22119616,166163957,62619416,0,4096,2128,0,0,114,0,0,19.658
empty,baseline,local,77,21.178,-1.0,14.87,5.2,33849344,24741056,167733416,64116516,0,4096,2287,0,0,109,0,0,20.07
empty,baseline,local,78,20.175,-1.0,14.867,4.215,31227904,22119552,166533871,60694844,0,4096,2130,0,0,111,0,0,19.082
empty,baseline,local,79,21.081,-1.0,15.308,4.964,31473664,22348928,166216586,63712528,0,4096,2143,0,0,109,0,0,20.272
empty,baseline,local,80,21.407,-1.0,15.038,4.993,32243712,23217408,167045489,64765380,0,4096,2193,0,0,126,0,0,20.031
empty,baseline,local,81,20.358,-1.0,14.515,4.488,31342592,22283392,166711352,62455351,0,4096,2138,0,0,113,0,0,19.003
empty,baseline,local,82,20.815,-1.0,14.802,4.89,31293440,22234304,166475606,63478670,0,4096,2134,0,0,106,0,0,19.692
empty,baseline,local,83,20.446,-1.0,15.056,4.347,32096256,23037184,166893043,63589025,0,4096,2183,0,0,112,0,0,19.403
empty,baseline,local,84,20.733,-1.0,14.881,4.855,30818304,21709888,166732647,63570096,0,4096,2105,0,0,115,0,0,19.736
empty,baseline,local,85,21.503,-1.0,15.007,4.957,32243712,23217536,166817908,65745694,0,4096,2192,0,0,122,0,0,19.964
empty,baseline,local,86,20.194,-1.0,14.665,4.708,31375360,22299776,166733140,63081043,0,4096,2140,0,0,120,0,0,19.372999999999998
empty,baseline,local,87,20.642,-1.0,14.888,4.476,33374208,24331584,167607892,63393640,0,4096,2262,0,0,122,0,0,19.364
empty,baseline,local,88,19.968,-1.0,14.479,4.449,31457280,22381696,166663430,62587889,0,4096,2145,0,0,108,0,0,18.927999999999997
empty,baseline,local,89,45.102,-1.0,14.467,4.629,31424512,22365376,167095801,63217023,0,4096,2143,0,0,113,0,0,19.096
empty,baseline,local,90,20.471,-1.0,14.738,4.724,31752192,22660288,166779862,63807162,0,4096,2161,0,0,107,0,0,19.462
empty,baseline,local,91,20.947,-1.0,15.448,4.95,31506432,22365376,167087635,66818215,0,4096,2143,0,0,117,0,0,20.398
empty,baseline,local,92,20.456,-1.0,14.796,4.693,32489472,23381184,166976528,64116499,0,4096,2205,0,0,116,0,0,19.488999999999997
empty,baseline,local,93,20.776,-1.0,14.539,5.215,33325056,24249536,167730435,64603324,0,4096,2259,0,0,117,0,0,19.753999999999998
empty,baseline,local,94,20.176,-1.0,14.306,4.201,30883840,21709824,166179085,60783999,0,4096,2105,0,0,96,0,0,18.506999999999998
empty,baseline,local,95,20.01,-1.0,14.392,4.592,30834688,21759040,167653711,62185222,0,4096,2107,0,0,100,0,0,18.983999999999998
empty,baseline,local,96,19.864,-1.0,14.383,4.41,31932416,22807680,166716771,61049923,0,4096,2171,0,0,109,0,0,18.793
empty,baseline,local,97,19.803,-1.0,14.469,4.393,31621120,22512832,166175887,61551097,0,4096,2152,0,0,110,0,0,18.862
empty,baseline,local,98,20.926,-1.0,15.206,4.641,33390592,24364544,167266503,64198153,0,4096,2263,0,0,102,0,0,19.847
empty,baseline,local,99,21.602,-1.0,14.835,5.732,34045952,24921152,167881779,66845843,0,4096,2302,0,0,107,0,0,20.567
empty,pruned,off,0,8.084,-1.0,4.27,2.618,11632640,5932032,51659185,22167362,0,0,925,0,0,94,0,0,6.888
empty,pruned,off,1,7.886,-1.0,4.133,2.294,11304960,5620736,51266000,20826423,0,0,906,0,0,80,0,0,6.427
empty,pruned,off,2,8.406,-1.0,4.135,2.544,11272192,5571584,51451468,21751258,0,0,904,0,0,86,0,0,6.679
empty,pruned,off,3,6.401,-1.0,3.802,1.909,11173888,5489664,51250754,18874740,0,0,896,0,0,81,0,0,5.711
empty,pruned,off,4,7.382,-1.0,3.982,2.152,11272192,5587968,51400935,19932022,0,0,904,0,0,89,0,0,6.134
empty,pruned,off,5,8.165,-1.0,4.272,2.427,11304960,5587968,51371590,21235919,0,0,907,0,0,84,0,0,6.699
empty,pruned,off,6,7.642,-1.0,4.037,2.383,11157504,5456896,51606887,20744694,0,0,897,0,0,89,0,0,6.42
empty,pruned,off,7,7.962,-1.0,4.19,2.516,11386880,5669888,51459267,21629053,0,0,911,0,0,88,0,0,6.706
empty,pruned,off,8,7.927,-1.0,4.218,2.552,11173888,5473216,51348267,21931235,0,0,897,0,0,84,0,0,6.77
empty,pruned,off,9,7.242,-1.0,3.921,2.113,11026432,5309376,51279629,19784103,0,0,889,0,0,84,0,0,6.034
empty,pruned,off,10,8.0,-1.0,4.126,2.661,11223040,5538880,51359000,21479170,0,0,901,0,0,87,0,0,6.787000000000001
empty,pruned,off,11,7.678,-1.0,4.11,2.403,11141120,5456896,51241187,21070323,0,0,895,0,0,81,0,0,6.513
empty,pruned,off,12,7.609,-1.0,4.172,2.338,11255808,5571584,51550811,21165325,0,0,903,0,0,95,0,0,6.51
empty,pruned,off,13,7.935,-1.0,4.11,2.309,11223040,5505984,51607815,21094554,0,0,901,0,0,87,0,0,6.4190000000000005
empty,pruned,off,14,7.21,-1.0,4.001,2.153,11108352,5407744,51335578,20298417,0,0,892,0,0,90,0,0,6.154
empty,pruned,off,15,7.736,-1.0,4.257,2.33,11059200,5325760,51423075,21343596,0,0,891,0,0,95,0,0,6.587
empty,pruned,off,16,8.701,-1.0,4.518,2.913,11698176,5997632,51964799,24143291,0,0,930,0,0,99,0,0,7.430999999999999
empty,pruned,off,17,7.327,-1.0,4.062,2.176,11485184,5801024,51505580,20454448,0,0,917,0,0,87,0,0,6.238
empty,pruned,off,18,8.582,-1.0,4.256,2.398,11386880,5686336,51427545,21701619,0,0,911,0,0,85,0,0,6.654
empty,pruned,off,19,8.019,-1.0,4.301,2.554,12386304,6767872,52064556,22370687,0,0,971,0,0,92,0,0,6.855
empty,pruned,off,20,8.055,-1.0,4.196,2.183,10993664,5325888,51343790,20774104,0,0,887,0,0,90,0,0,6.379
empty,pruned,off,21,8.336,-1.0,4.341,2.662,11337728,5637184,51519556,22732059,0,0,908,0,0,90,0,0,7.003
empty,pruned,off,22,8.555,-1.0,4.341,2.846,12075008,6407296,51836156,23348279,0,0,953,0,0,93,0,0,7.187
empty,pruned,off,23,7.397,-1.0,4.095,2.303,11091968,5358528,51477829,20198965,0,0,893,0,0,95,0,0,6.398
empty,pruned,off,24,7.768,-1.0,4.095,2.558,11468800,5784640,51553976,21330109,0,0,916,0,0,97,0,0,6.653
empty,pruned,off,25,7.296,-1.0,4.028,2.355,11091968,5374912,51415414,20706277,0,0,893,0,0,91,0,0,6.382999999999999
empty,pruned,off,26,9.067,-1.0,4.41,2.621,11370496,5637120,51478429,23079331,0,0,910,0,0,93,0,0,7.031000000000001
empty,pruned,off,27,7.519,-1.0,4.114,2.589,11288576,5587968,51549929,21775354,0,0,905,0,0,96,0,0,6.702999999999999
empty,pruned,off,28,8.132,-1.0,4.311,2.439,11714560,6046784,51589193,22021629,0,0,931,0,0,96,0,0,6.75
empty,pruned,off,29,7.21,-1.0,4.112,2.339,11239424,5571648,51369202,21061769,0,0,901,0,0,93,0,0,6.4510000000000005
empty,pruned,off,30,7.746,-1.0,4.25,2.352,11304960,5587968,51419100,21420255,0,0,906,0,0,86,0,0,6.602
empty,pruned,off,31,7.974,-1.0,4.184,2.293,11124736,5407744,51310286,21033064,0,0,895,0,0,80,0,0,6.477
empty,pruned,off,32,6.627,-1.0,3.945,2.207,11091968,5374976,51338219,19941484,0,0,893,0,0,86,0,0,6.151999999999999
empty,pruned,off,33,7.846,-1.0,4.165,2.639,11468800,5751808,51576591,21956395,0,0,916,0,0,91,0,0,6.804
empty,pruned,off,34,8.13,-1.0,4.233,2.511,11960320,6292672,51893831,21963554,0,0,946,0,0,91,0,0,6.744
empty,pruned,off,35,8.127,-1.0,4.117,2.876,11681792,5997632,51687816,22860495,0,0,929,0,0,96,0,0,6.993
empty,pruned,off,36,8.053,-1.0,4.354,2.527,11730944,6013952,51621786,22351816,0,0,932,0,0,95,0,0,6.881
empty,pruned,off,37,7.913,-1.0,4.076,2.588,11173888,5473280,51584329,21596453,0,0,897,0,0,98,0,0,6.664
empty,pruned,off,38,7.454,-1.0,4.099,2.362,11304960,5587968,51424462,21045326,0,0,906,0,0,89,0,0,6.461
empty,pruned,off,39,8.413,-1.0,4.257,3.088,11583488,5882880,52300352,23991097,0,0,923,0,0,106,0,0,7.345
empty,pruned,off,40,7.658,-1.0,4.088,2.152,10993664,5276672,51343516,20415363,0,0,887,0,0,87,0,0,6.24
empty,pruned,off,41,8.314,-1.0,4.323,2.602,11272192,5538752,51424662,22363427,0,0,905,0,0,88,0,0,6.925000000000001
empty,pruned,off,42,7.295,-1.0,3.99,2.298,11337728,5669952,51476471,20750634,0,0,909,0,0,93,0,0,6.288
empty,pruned,off,43,8.174,-1.0,4.147,2.47,11239424,5522432,51376886,21820578,0,0,903,0,0,85,0,0,6.617000000000001
empty,pruned,off,44,7.743,-1.0,4.086,2.333,11042816,5325824,51285623,21244855,0,0,890,0,0,86,0,0,6.4190000000000005
empty,pruned,off,45,7.986,-1.0,4.183,2.48,11157504,5456960,51476350,21340695,0,0,897,0,0,94,0,0,6.663
empty,pruned,off,46,7.701,-1.0,4.203,2.546,11337728,5653568,51536203,20812755,0,0,907,0,0,101,0,0,6.7490000000000006
empty,pruned,off,47,6.777,-1.0,3.976,2.189,11190272,5506112,51429647,20072126,0,0,899,0,0,87,0,0,6.165
empty,pruned,off,48,7.528,-1.0,4.035,2.334,11075584,5374976,51388606,20966449,0,0,892,0,0,87,0,0,6.369
empty,pruned,off,49,8.978,-1.0,4.376,2.947,11190272,5506112,51411702,23622082,0,0,899,0,0,84,0,0,7.323
empty,pruned,off,50,6.972,-1.0,3.957,2.174,11141120,5440512,51645590,20146097,0,0,896,0,0,87,0,0,6.131
empty,pruned,off,51,9.145,-1.0,4.572,3.22,11599872,5899264,51815927,24130054,0,0,924,0,0,86,0,0,7.792
empty,pruned,off,52,8.209,-1.0,4.296,2.418,11419648,5719168,51385533,21678822,0,0,913,0,0,83,0,0,6.714
empty,pruned,off,53,9.446,-1.0,4.609,3.605,11714560,6030400,51910625,25995744,0,0,928,0,0,108,0,0,8.214
empty,pruned,off,54,7.846,-1.0,4.219,2.318,11419648,5702656,51355154,20850537,0,0,913,0,0,78,0,0,6.537000000000001
empty,pruned,off,55,7.994,-1.0,4.184,2.657,11370496,5653504,51634189,22084001,0,0,910,0,0,96,0,0,6.841
empty,pruned,off,56,8.655,-1.0,4.26,2.841,11730944,6030272,51643229,22575860,0,0,932,0,0,93,0,0,7.101
empty,pruned,off,57,7.148,-1.0,4.016,2.42,11239424,5538880,51378593,20739597,0,0,902,0,0,86,0,0,6.436
empty,pruned,off,58,8.188,-1.0,4.1,2.521,11436032,5719040,51402300,21211047,0,0,914,0,0,81,0,0,6.6209999999999996
empty,pruned,off,59,7.407,-1.0,4.098,2.17,11059200,5374976,51393053,19826989,0,0,891,0,0,87,0,0,6.268
empty,pruned,off,60,7.469,-1.0,3.974,2.302,11255808,5522432,51410777,20148013,0,0,903,0,0,91,0,0,6.276
empty,pruned,off,61,8.001,-1.0,4.205,2.614,11141120,5440512,51402852,21644940,0,0,896,0,0,87,0,0,6.819
empty,pruned,off,62,7.216,-1.0,4.023,2.261,11206656,5506048,51441812,20685683,0,0,900,0,0,92,0,0,6.284
empty,pruned,off,63,8.445,-1.0,4.305,2.372,11108352,5391360,51376118,21651073,0,0,894,0,0,86,0,0,6.677
empty,pruned,off,64,8.262,-1.0,4.068,2.612,11108352,5440576,51552054,21915751,0,0,893,0,0,92,0,0,6.68
empty,pruned,off,65,7.471,-1.0,3.949,2.217,11091968,5391360,51359569,20243162,0,0,893,0,0,86,0,0,6.166
empty,pruned,off,66,7.673,-1.0,4.074,2.335,11534336,5866560,51457801,20683745,0,0,920,0,0,78,0,0,6.409
empty,pruned,off,67,8.247,-1.0,4.22,2.739,11239424,5522432,51534696,22495380,0,0,902,0,0,88,0,0,6.959
empty,pruned,off,68,8.059,-1.0,4.309,2.64,11255808,5538752,51396794,21687106,0,0,903,0,0,80,0,0,6.949
empty,pruned,off,69,7.041,-1.0,3.843,2.276,11026432,5325824,51267319,19976417,0,0,889,0,0,80,0,0,6.119
empty,pruned,off,70,8.328,-1.0,4.241,2.645,11223040,5522432,51402714,21858479,0,0,901,0,0,84,0,0,6.885999999999999
empty,pruned,off,71,8.24,-1.0,4.403,2.745,11272192,5604416,51550624,22908521,0,0,904,0,0,92,0,0,7.148
empty,pruned,off,72,7.944,-1.0,4.186,2.368,11255808,5538752,51567069,20784328,0,0,903,0,0,105,0,0,6.554
empty,pruned,off,73,7.731,-1.0,4.16,2.431,11468800,5735424,51573843,21491214,0,0,916,0,0,92,0,0,6.591
empty,pruned,off,74,8.274,-1.0,4.255,2.609,11321344,5604352,51770201,22241197,0,0,907,0,0,88,0,0,6.864
empty,pruned,off,75,8.736,-1.0,4.366,2.785,11370496,5686336,51613683,23288775,0,0,910,0,0,98,0,0,7.151
empty,pruned,off,76,8.195,-1.0,4.25,2.421,11354112,5653504,51558331,21285499,0,0,909,0,0,90,0,0,6.670999999999999
empty,pruned,off,77,8.095,-1.0,4.316,2.731,11599872,5899200,51604915,22847119,0,0,923,0,0,98,0,0,7.047
empty,pruned,off,78,7.969,-1.0,4.364,2.606,11370496,5686272,51431887,22361347,0,0,909,0,0,86,0,0,6.97
empty,pruned,off,79,8.047,-1.0,4.335,2.582,11763712,6112384,51678871,21944365,0,0,934,0,0,88,0,0,6.917
empty,pruned,off,80,7.49,-1.0,4.159,2.731,11730944,6063232,51740851,21534750,0,0,932,0,0,99,0,0,6.89
empty,pruned,off,81,8.393,-1.0,4.376,2.595,11337728,5653504,51613875,22292054,0,0,908,0,0,89,0,0,6.971
empty,pruned,off,82,7.459,-1.0,4.144,2.215,11517952,5833728,51502276,20550762,0,0,919,0,0,87,0,0,6.359
empty,pruned,off,83,7.13,-1.0,4.105,2.343,11354112,5686336,51515960,20741202,0,0,909,0,0,94,0,0,6.448
empty,pruned,off,84,8.372,-1.0,4.332,2.723,12124160,6407104,51937336,22899369,0,0,956,0,0,100,0,0,7.055
empty,pruned,off,85,7.543,-1.0,4.183,2.168,11124736,5424128,51397613,20445752,0,0,895,0,0,91,0,0,6.351
empty,pruned,off,86,7.498,-1.0,4.094,2.403,11141120,5456896,51671167,20912180,0,0,895,0,0,88,0,0,6.497
empty,pruned,off,87,7.851,-1.0,4.13,2.464,11190272,5489600,51497987,21083495,0,0,899,0,0,92,0,0,6.593999999999999
empty,pruned,off,88,7.783,-1.0,4.177,2.389,11354112,5669888,51496111,21578098,0,0,909,0,0,89,0,0,6.565999999999999
empty,pruned,off,89,8.211,-1.0,4.267,3.053,12124160,6472832,52028106,23373463,0,0,953,0,0,106,0,0,7.32
empty,pruned,off,90,7.529,-1.0,4.195,2.206,11304960,5555136,51496014,20764302,0,0,906,0,0,90,0,0,6.401
empty,pruned,off,91,7.881,-1.0,4.231,2.551,11993088,6292480,51859072,22342795,0,0,948,0,0,95,0,0,6.782
empty,pruned,off,92,7.699,-1.0,4.094,2.645,11124736,5424128,51392879,21610002,0,0,895,0,0,92,0,0,6.739000000000001
empty,pruned,off,93,7.798,-1.0,4.139,2.611,11567104,5915776,51579569,21948100,0,0,922,0,0,88,0,0,6.75
empty,pruned,off,94,7.506,-1.0,3.986,2.352,11239424,5522432,51413104,20580973,0,0,902,0,0,89,0,0,6.338
empty,pruned,off,95,8.25,-1.0,4.455,2.564,11288576,5571584,51453685,22441769,0,0,905,0,0,91,0,0,7.019
empty,pruned,off,96,7.274,-1.0,3.969,2.323,11173888,5489728,51347169,20421594,0,0,898,0,0,85,0,0,6.292
empty,pruned,off,97,8.57,-1.0,4.1,2.411,11108352,5391360,51393986,21397154,0,0,894,0,0,87,0,0,6.510999999999999
empty,pruned,off,98,7.092,-1.0,3.871,2.27,11010048,5309440,51294028,20204495,0,0,888,0,0,89,0,0,6.141
empty,pruned,off,99,7.442,-1.0,3.921,2.145,11108352,5391360,51296259,19783326,0,0,894,0,0,85,0,0,6.066
empty,pruned,local,0,8.858,-1.0,4.603,3.232,12222464,5866496,57916798,24996931,4096,4096,968,0,1,104,0,0,7.835
empty,pruned,local,1,9.592,-1.0,4.531,3.081,12238848,5866496,57844064,24907408,0,4096,969,0,0,99,0,0,7.612
empty,pruned,local,2,8.801,-1.0,4.586,3.535,12681216,6325312,58262884,26610079,0,4096,996,0,0,120,0,0,8.121
empty,pruned,local,3,8.349,-1.0,4.484,2.924,12222464,5866496,57777664,23637895,0,4096,966,0,0,97,0,0,7.4079999999999995
empty,pruned,local,4,9.026,-1.0,4.443,3.212,12189696,5817344,58228047,25008850,0,4096,966,0,0,104,0,0,7.654999999999999
empty,pruned,local,5,14.886,-1.0,4.559,3.073,12484608,6112256,57842895,24672478,0,4096,984,0,0,93,0,0,7.632
empty,pruned,local,6,7.746,-1.0,4.342,3.053,12288000,5915712,57950278,23475635,0,4096,972,0,0,106,0,0,7.395
empty,pruned,local,7,8.419,-1.0,4.427,2.9,12566528,6210560,57885569,23757604,0,4096,989,0,0,102,0,0,7.327
empty,pruned,local,8,7.85,-1.0,4.307,2.589,12009472,5620736,57823922,22695506,0,4096,955,0,0,106,0,0,6.896000000000001
empty,pruned,local,9,9.089,-1.0,4.618,3.195,12533760,6194304,57881161,25460648,0,4096,987,0,0,100,0,0,7.813000000000001
empty,pruned,local,10,8.524,-1.0,4.492,2.933,12566528,6161408,57979669,23676795,0,4096,989,0,0,103,0,0,7.425
empty,pruned,local,11,9.925,-1.0,4.935,3.63,12959744,6653184,58373027,26846448,0,4096,1013,0,0,115,0,0,8.565
empty,pruned,local,12,9.252,-1.0,4.833,3.418,12632064,6292608,58029557,26367401,0,4096,993,0,0,107,0,0,8.251000000000001
empty,pruned,local,13,9.337,-1.0,4.717,3.219,13221888,6898880,58589267,25826859,0,4096,1029,0,0,121,0,0,7.936
empty,pruned,local,14,8.658,-1.0,4.411,2.741,12910592,6538368,58281837,23354361,0,4096,1010,0,0,110,0,0,7.151999999999999
empty,pruned,local,15,9.144,-1.0,4.835,3.324,12386304,6013952,57849721,26502105,0,4096,978,0,0,104,0,0,8.158999999999999
empty,pruned,local,16,8.611,-1.0,4.593,3.286,12320768,5964800,58049924,25650608,0,4096,972,0,0,115,0,0,7.879
empty,pruned,local,17,8.361,-1.0,4.456,2.81,12337152,5981248,57964752,23573133,0,4096,975,0,0,107,0,0,7.266
empty,pruned,local,18,8.611,-1.0,4.644,2.892,12566528,6194176,58023575,24530167,0,4096,989,0,0,106,0,0,7.536
empty,pruned,local,19,8.275,-1.0,4.52,3.098,12582912,6243520,58133240,24670662,0,4096,990,0,0,109,0,0,7.617999999999999
empty,pruned,local,20,8.191,-1.0,4.463,2.916,12288000,5932032,58552496,23837829,4096,4096,972,0,1,106,0,0,7.379
empty,pruned,local,21,8.964,-1.0,4.734,3.051,12812288,6472768,57890682,25500323,0,4096,1004,0,0,97,0,0,7.785
empty,pruned,local,22,11.038,-1.0,4.591,3.098,12582912,6243392,58111477,24880201,0,4096,990,0,0,110,0,0,7.689
empty,pruned,local,23,8.504,-1.0,4.548,3.553,12369920,6013952,58033376,25790578,0,4096,977,0,0,121,0,0,8.100999999999999
empty,pruned,local,24,9.305,-1.0,4.734,3.388,12763136,6390784,58142113,25992573,0,4096,1001,0,0,106,0,0,8.122
empty,pruned,local,25,8.488,-1.0,4.62,3.004,12517376,6128640,58082563,24694105,0,4096,986,0,0,116,0,0,7.6240000000000006
empty,pruned,local,26,13.105,-1.0,4.458,2.821,12845056,6505600,58458984,23806136,0,4096,1006,0,0,105,0,0,7.279
empty,pruned,local,27,8.916,-1.0,4.59,3.295,12615680,6243392,58141299,25914119,0,4096,992,0,0,118,0,0,7.885
empty,pruned,local,28,8.513,-1.0,4.537,2.896,12238848,5883008,58131408,24192674,0,4096,969,0,0,106,0,0,7.433
empty,pruned,local,29,9.503,-1.0,4.548,2.959,12632064,6325376,58140453,24320919,0,4096,993,0,0,120,0,0,7.507
empty,pruned,local,30,8.131,-1.0,4.378,2.803,12451840,6095872,58027134,23639246,0,4096,982,0,0,107,0,0,7.181
empty,pruned,local,31,9.487,-1.0,4.78,3.584,13058048,6685696,58243999,27538931,0,4096,1019,0,0,112,0,0,8.364
empty,pruned,local,32,8.638,-1.0,4.465,3.112,12566528,6177792,57978180,24625571,0,4096,988,0,0,105,0,0,7.577
empty,pruned,local,33,8.265,-1.0,4.56,2.643,12206080,5833792,57901835,23457289,0,4096,967,0,0,101,0,0,7.202999999999999
empty,pruned,local,34,8.661,-1.0,4.604,2.891,12763136,6423680,58401612,24384461,0,4096,999,0,0,112,0,0,7.495
empty,pruned,local,35,9.098,-1.0,4.762,3.189,12664832,6308928,58178756,25886496,0,4096,995,0,0,109,0,0,7.951
empty,pruned,local,36,8.543,-1.0,4.58,2.911,12550144,6210688,58095609,24335099,0,4096,988,0,0,110,0,0,7.491
empty,pruned,local,37,8.565,-1.0,4.526,2.902,12369920,6013952,58140476,24062328,0,4096,976,0,0,124,0,0,7.428
empty,pruned,local,38,8.328,-1.0,4.559,2.735,12419072,6096000,57953266,23778589,0,4096,980,0,0,101,0,0,7.2940000000000005
empty,pruned,local,39,8.757,-1.0,4.637,3.257,13221888,6866112,58359956,25731747,0,4096,1029,0,0,107,0,0,7.894
empty,pruned,local,40,8.636,-1.0,4.503,3.007,12664832,6292544,57839923,24598611,0,4096,995,0,0,94,0,0,7.51
empty,pruned,local,41,9.352,-1.0,4.778,3.354,12500992,6112320,57909208,26222281,0,4096,985,0,0,104,0,0,8.132
empty,pruned,local,42,7.682,-1.0,4.288,2.516,12238848,5850112,57793314,22348441,0,4096,969,0,0,97,0,0,6.804
empty,pruned,local,43,8.311,-1.0,4.375,3.012,12173312,5768192,57918560,24171413,0,4096,965,0,0,100,0,0,7.3870000000000005
empty,pruned,local,44,9.759,-1.0,4.902,3.598,13025280,6669376,58391988,26757819,0,4096,1017,0,0,118,0,0,8.5
empty,pruned,local,45,9.05,-1.0,4.633,3.299,12648448,6341824,57977705,25740536,0,4096,994,0,0,103,0,0,7.932
empty,pruned,local,46,8.453,-1.0,4.446,3.055,12304384,5932096,57971741,24012116,0,4096,973,0,0,98,0,0,7.5009999999999994
empty,pruned,local,47,8.215,-1.0,4.383,2.629,12271616,5915648,57790283,23108581,0,4096,968,0,0,94,0,0,7.0120000000000005
empty,pruned,local,48,9.365,-1.0,4.725,3.524,12533760,6177856,58019055,26286847,0,4096,987,0,0,103,0,0,8.248999999999999
empty,pruned,local,49,8.679,-1.0,4.579,3.235,12484608,6112256,58061937,25466465,0,4096,984,0,0,111,0,0,7.814
empty,pruned,local,50,8.313,-1.0,4.511,2.944,12320768,5948416,58023087,23790492,0,4096,974,0,0,99,0,0,7.455
empty,pruned,local,51,8.775,-1.0,4.435,3.239,12238848,5866496,57967134,25102723,0,4096,969,0,0,106,0,0,7.6739999999999995
empty,pruned,local,52,8.866,-1.0,4.45,3.083,12025856,5669952,57848815,24143009,0,4096,956,0,0,99,0,0,7.533
empty,pruned,local,53,9.156,-1.0,4.744,3.783,13107200,6734912,58360902,27059057,0,4096,1022,0,0,114,0,0,8.527
empty,pruned,local,54,9.064,-1.0,4.605,3.378,12353536,5997568,57912040,25921192,0,4096,976,0,0,102,0,0,7.9830000000000005
empty,pruned,local,55,7.866,-1.0,4.26,2.888,12222464,5915840,57851818,23402846,0,4096,968,0,0,102,0,0,7.148
empty,pruned,local,56,8.876,-1.0,4.475,3.253,12615680,6210624,58063694,24608289,0,4096,992,0,0,102,0,0,7.728
empty,pruned,local,57,9.312,-1.0,4.932,3.808,12451840,6128768,58308936,27561571,0,4096,982,0,0,117,0,0,8.74
empty,pruned,local,58,8.523,-1.0,4.352,3.013,12124160,5751808,57966204,24163510,0,4096,960,0,0,112,0,0,7.365
empty,pruned,local,59,33.682,-1.0,4.595,3.515,12451840,6063104,58127092,26410557,0,4096,982,0,0,108,0,0,8.11
empty,pruned,local,60,8.361,-1.0,4.51,2.972,12156928,5768192,57930815,23543791,0,4096,964,0,0,104,0,0,7.481999999999999
empty,pruned,local,61,9.046,-1.0,4.608,3.267,12255232,5915648,57827516,25105876,0,4096,970,0,0,101,0,0,7.875
empty,pruned,local,62,8.602,-1.0,4.515,3.011,12582912,6210560,58150354,24033414,0,4096,990,0,0,100,0,0,7.526
empty,pruned,local,63,8.207,-1.0,4.355,2.707,11911168,5538752,57623595,23077190,0,4096,949,0,0,101,0,0,7.062
empty,pruned,local,64,8.917,-1.0,4.592,2.906,12320768,5997632,57821283,23725168,0,4096,974,0,0,99,0,0,7.497999999999999
empty,pruned,local,65,8.071,-1.0,4.283,2.754,11960320,5587968,57789817,22999538,0,4096,952,0,0,100,0,0,7.037000000000001
empty,pruned,local,66,8.487,-1.0,4.551,3.145,12386304,6030400,57837402,24499563,0,4096,978,0,0,100,0,0,7.696
empty,pruned,local,67,8.392,-1.0,4.418,3.079,12173312,5850240,57945625,24772456,0,4096,965,0,0,107,0,0,7.497
empty,pruned,local,68,8.529,-1.0,4.377,3.291,12304384,5931968,57860356,24930756,0,4096,973,0,0,107,0,0,7.667999999999999
empty,pruned,local,69,8.31,-1.0,4.471,3.245,12353536,6014016,57972856,24133180,0,4096,975,0,0,106,0,0,7.716
empty,pruned,local,70,8.222,-1.0,4.326,2.962,12255232,5899264,57925467,23808140,0,4096,970,0,0,100,0,0,7.288
empty,pruned,local,71,8.092,-1.0,4.425,2.854,12337152,5964736,57947684,23373478,0,4096,974,0,0,107,0,0,7.279
empty,pruned,local,72,10.972,-1.0,4.766,3.559,13008896,6669440,58279692,26049326,0,4096,1016,0,0,118,0,0,8.325
empty,pruned,local,73,9.176,-1.0,4.753,3.078,12500992,6161472,58193634,25205865,0,4096,985,0,0,105,0,0,7.8309999999999995
empty,pruned,local,74,8.143,-1.0,4.519,2.683,12451840,6079424,57943429,22925208,0,4096,981,0,0,108,0,0,7.202
empty,pruned,local,75,8.873,-1.0,4.695,3.228,12877824,6489088,58181162,25931636,0,4096,1008,0,0,113,0,0,7.923
empty,pruned,local,76,8.259,-1.0,4.554,2.794,12550144,6227008,58066112,23833269,0,4096,988,0,0,110,0,0,7.348000000000001
empty,pruned,local,77,10.053,-1.0,4.67,3.007,12369920,5997504,57913396,24896690,0,4096,977,0,0,99,0,0,7.677
empty,pruned,local,78,9.25,-1.0,4.713,3.249,12419072,6079552,58005731,25602250,0,4096,980,0,0,110,0,0,7.962
empty,pruned,local,79,10.158,-1.0,4.539,3.062,12189696,5800960,57979226,24244647,0,4096,965,0,0,117,0,0,7.600999999999999
empty,pruned,local,80,8.736,-1.0,4.633,3.272,12763136,6407296,58211181,25362892,0,4096,1001,0,0,105,0,0,7.904999999999999
empty,pruned,local,81,8.277,-1.0,4.491,3.043,12468224,6128704,57965288,24532321,0,4096,982,0,0,105,0,0,7.534
empty,pruned,local,82,14.203,-1.0,4.563,3.207,12189696,5800960,58028205,25016579,0,4096,967,0,0,107,0,0,7.77
empty,pruned,local,83,8.514,-1.0,4.597,3.004,12484608,6128704,58002766,24631920,0,4096,984,0,0,109,0,0,7.601000000000001
empty,pruned,local,84,8.921,-1.0,4.715,3.229,12550144,6177792,58200172,25885284,0,4096,988,0,0,122,0,0,7.944
empty,pruned,local,85,8.421,-1.0,4.476,2.859,12550144,6194304,58313486,23656582,0,4096,988,0,0,108,0,0,7.335
empty,pruned,local,86,12.254,-1.0,4.612,3.026,12468224,6079424,57884413,24271883,0,4096,983,0,0,98,0,0,7.638
empty,pruned,local,87,8.865,-1.0,4.622,3.193,12730368,6390848,58270199,25291062,0,4096,999,0,0,111,0,0,7.8149999999999995
empty,pruned,local,88,8.73,-1.0,4.546,3.094,12402688,6030400,58065364,24476920,0,4096,979,0,0,104,0,0,7.640000000000001
empty,pruned,local,89,9.907,-1.0,4.566,3.141,12894208,6571136,58265944,24481121,0,4096,1009,0,0,119,0,0,7.707
empty,pruned,local,90,9.019,-1.0,4.612,3.431,12828672,6423488,58199692,25971858,0,4096,1006,0,0,103,0,0,8.043
empty,pruned,local,91,8.134,-1.0,4.559,2.937,12484608,6145152,57963153,24295331,0,4096,984,0,0,106,0,0,7.496
empty,pruned,local,92,8.306,-1.0,4.429,2.656,12042240,5686272,57807223,23338421,0,4096,957,0,0,99,0,0,7.085000000000001
empty,pruned,local,93,7.824,-1.0,4.34,2.798,11993088,5620736,57893542,23293119,0,4096,954,0,0,106,0,0,7.138
empty,pruned,local,94,34.21,-1.0,4.673,3.499,12435456,6046720,58071700,25887956,0,4096,981,0,0,111,0,0,8.172
empty,pruned,local,95,8.662,-1.0,4.509,3.098,12255232,5882816,57937403,24648218,0,4096,968,0,0,106,0,0,7.607
empty,pruned,local,96,7.397,-1.0,4.291,2.63,12500992,6161408,57858352,22445117,0,4096,983,0,0,98,0,0,6.921
empty,pruned,local,97,8.048,-1.0,4.425,2.78,12304384,5964928,58047838,23266746,0,4096,973,0,0,107,0,0,7.205
empty,pruned,local,98,9.435,-1.0,4.738,3.094,12255232,5866496,57859212,24979877,0,4096,970,0,0,107,0,0,7.832000000000001
empty,pruned,local,99,8.919,-1.0,4.737,3.352,12304384,5915584,57908944,26094318,0,4096,973,0,0,113,0,0,8.089
features,baseline,off,0,18.583,15.427,13.571,3.682,30294016,21136576,147285624,55416337,0,0,2067,0,0,95,27,0,17.253
features,baseline,off,1,18.747,15.587,13.086,4.034,29786112,20612224,147367039,56788692,0,0,2035,0,0,85,27,0,17.12
features,baseline,off,2,19.296,15.951,13.41,3.999,29786112,20595776,147304877,57196726,0,0,2035,0,0,84,27,0,17.409
features,baseline,off,3,18.302,15.377,13.236,3.928,29704192,20513856,147582561,55860063,0,0,2030,0,0,104,27,0,17.164
features,baseline,off,4,19.833,16.485,13.156,3.785,29638656,20448320,147568534,55771206,0,0,2025,0,0,91,27,0,16.941000000000003
features,baseline,off,5,19.167,15.863,13.302,4.193,29999104,20808832,147626030,57817781,0,0,2047,0,0,101,27,0,17.494999999999997
features,baseline,off,6,20.285,17.045,13.889,3.933,32063488,22955392,148334927,57203134,0,0,2176,0,0,108,27,0,17.822
features,baseline,off,7,18.454,15.407,13.396,3.867,31555584,22381696,147977755,55750106,0,0,2141,0,0,94,27,0,17.263
features,baseline,off,8,18.277,15.26,13.043,3.793,29999104,20841664,147590697,55510831,0,0,2048,0,0,97,27,0,16.836
features,baseline,off,9,20.823,17.78,14.096,5.026,30310400,21120064,147733884,59846413,0,0,2065,0,0,100,27,0,19.122
features,baseline,off,10,18.713,15.705,13.573,3.877,30048256,20907264,147482130,55269954,0,0,2050,0,0,100,27,0,17.45
features,baseline,off,11,18.866,15.757,13.457,4.034,32620544,23479552,148687407,57628842,0,0,2207,0,0,95,27,0,17.491
features,baseline,off,12,19.024,15.93,13.65,3.857,29917184,20759744,147684492,56183521,0,0,2043,0,0,91,27,0,17.507
features,baseline,off,13,18.383,15.337,13.18,3.876,29933568,20726912,147911038,55602931,0,0,2044,0,0,90,27,0,17.056
features,baseline,off,14,19.254,16.277,13.163,3.87,29556736,20350016,147441663,56346132,0,0,2021,0,0,97,27,0,17.033
features,baseline,off,15,18.907,15.474,13.581,3.814,31735808,22594816,148184887,57460715,0,0,2154,0,0,93,27,0,17.395
features,baseline,off,16,18.545,15.432,13.298,3.852,30031872,20825152,147706770,56226348,0,0,2048,0,0,94,27,0,17.15
features,baseline,off,17,25.619,18.532,13.09,3.191,29818880,20628480,146815661,53945246,0,0,2039,0,0,47,27,0,16.281
features,baseline,off,18,19.004,16.133,13.176,3.718,32686080,23495808,148759000,54796756,0,0,2211,0,0,87,27,0,16.894
features,baseline,off,19,19.014,15.972,13.506,3.989,29884416,20694080,147622989,56832743,0,0,2041,0,0,102,27,0,17.495
features,baseline,off,20,18.678,15.616,13.468,4.037,29687808,20464640,147490173,56771951,0,0,2029,0,0,106,27,0,17.505
features,baseline,off,21,20.118,17.016,14.396,4.194,32342016,23151744,148506949,57432861,0,0,2191,0,0,119,27,0,18.59
features,baseline,off,22,19.757,16.373,14.384,4.02,32407552,23233792,148210173,59058774,0,0,2195,0,0,100,27,0,18.404
features,baseline,off,23,19.0,15.292,13.336,4.083,29949952,20726848,147569486,57637298,0,0,2045,0,0,102,27,0,17.419
features,baseline,off,24,45.337,41.972,13.303,4.025,30228480,21054592,147696914,56761098,0,0,2061,0,0,99,27,0,17.328000000000003
features,baseline,off,25,17.288,14.441,12.64,3.416,30031872,20874432,147790676,53842129,0,0,2047,0,0,102,27,0,16.056
features,baseline,off,26,19.446,16.102,13.809,4.075,32735232,23577792,148741900,58874482,0,0,2212,0,0,99,27,0,17.884
features,baseline,off,27,18.003,14.463,13.112,3.444,30015488,20808704,147386313,55334865,0,0,2049,0,0,79,27,0,16.556
features,baseline,off,28,17.861,15.118,12.852,3.776,31686656,22529280,148185407,55239419,0,0,2150,0,0,101,27,0,16.628
features,baseline,off,29,17.873,15.091,12.676,3.998,29949952,20776064,147640158,55655086,0,0,2042,0,0,102,27,0,16.674
features,baseline,off,30,17.935,15.006,13.159,3.537,29786112,20612224,147680525,54377306,0,0,2036,0,0,100,27,0,16.696
features,baseline,off,31,18.862,15.603,13.476,4.013,32948224,23790912,149089546,57359987,0,0,2228,0,0,112,27,0,17.489
features,baseline,off,32,19.069,16.151,13.334,4.22,30326784,21152960,147497814,57562900,0,0,2069,0,0,109,27,0,17.554
features,baseline,off,33,18.171,15.3,13.361,3.408,29966336,20808896,147500697,54572500,0,0,2045,0,0,98,27,0,16.769000000000002
features,baseline,off,34,18.222,15.229,13.327,3.624,30588928,21447936,147695949,55471973,0,0,2086,0,0,98,27,0,16.951
features,baseline,off,35,18.659,15.218,13.376,3.83,32489472,23348480,148744274,56687834,0,0,2201,0,0,97,27,0,17.206
features,baseline,off,36,19.15,16.109,13.433,4.377,29655040,20464768,147735034,58011794,0,0,2028,0,0,101,27,0,17.81
features,baseline,off,37,18.136,15.226,13.12,3.592,31391744,22217856,148050717,54368422,0,0,2133,0,0,94,27,0,16.712
features,baseline,off,38,18.117,15.078,13.09,4.027,29442048,20235264,147506666,54651935,0,0,2014,0,0,96,27,0,17.117
features,baseline,off,39,19.37,15.753,13.508,4.033,30146560,20956288,147881895,58051088,0,0,2057,0,0,108,27,0,17.541
features,baseline,off,40,18.566,15.583,13.357,3.821,31440896,22283520,147679885,54785236,0,0,2135,0,0,87,27,0,17.178
features,baseline,off,41,19.131,16.04,13.553,4.114,31948800,22774912,148454346,57917618,0,0,2169,0,0,99,27,0,17.667
features,baseline,off,42,19.479,16.405,13.518,4.132,32079872,22938880,148509715,58084365,0,0,2175,0,0,93,27,0,17.65
features,baseline,off,43,19.039,15.807,13.38,4.151,32555008,23348352,149033065,57392423,0,0,2204,0,0,104,27,0,17.531
features,baseline,off,44,20.013,16.868,14.128,3.858,31047680,21923136,147820272,55912568,0,0,2113,0,0,90,27,0,17.986
features,baseline,off,45,18.98,15.882,13.702,3.789,29966336,20792512,147433155,55580777,0,0,2044,0,0,91,27,0,17.491
features,baseline,off,46,19.225,16.112,13.619,4.121,31801344,22643904,148354802,57865944,0,0,2159,0,0,90,27,0,17.740000000000002
features,baseline,off,47,19.705,16.137,14.18,4.127,30523392,21415360,147690173,59441851,0,0,2080,0,0,104,27,0,18.307
features,baseline,off,48,19.528,15.72,13.586,4.478,30310400,21153024,147934916,58995630,0,0,2066,0,0,105,27,0,18.064
features,baseline,off,49,18.628,15.71,13.056,3.856,29851648,20661312,147485622,56159189,0,0,2038,0,0,94,27,0,16.912
features,baseline,off,50,19.024,15.779,13.655,4.002,31277056,22103232,147978924,57190590,0,0,2125,0,0,99,27,0,17.657
features,baseline,off,51,19.318,16.003,13.277,4.071,30277632,21153088,147769004,57615155,0,0,2064,0,0,99,27,0,17.348
features,baseline,off,52,19.007,15.838,13.589,4.035,29966336,20776000,147461876,57249174,0,0,2045,0,0,92,27,0,17.624000000000002
features,baseline,off,53,21.429,17.152,13.908,4.094,30261248,21103808,147486728,57994860,0,0,2064,0,0,80,27,0,18.002
features,baseline,off,54,18.413,15.387,13.021,3.777,30687232,21529792,147616835,55432382,0,0,2086,0,0,90,27,0,16.798000000000002
features,baseline,off,55,19.182,16.052,13.474,4.262,32129024,22971584,148584531,56943680,0,0,2178,0,0,103,27,0,17.736
features,baseline,off,56,19.887,16.358,14.224,4.101,32407552,23283072,148322945,59442480,0,0,2195,0,0,92,27,0,18.325
features,baseline,off,57,19.167,15.858,13.666,3.862,30212096,21054656,147195745,57819613,0,0,2061,0,0,86,27,0,17.528
features,baseline,off,58,17.925,15.058,12.789,3.68,30867456,21726464,147971488,54890405,0,0,2099,0,0,92,27,0,16.469
features,baseline,off,59,18.336,15.165,13.093,4.059,29573120,20366336,147470006,55751032,0,0,2022,0,0,94,27,0,17.152
features,baseline,off,60,18.566,15.589,13.246,4.055,30064640,20857920,147673354,55987510,0,0,2054,0,0,96,27,0,17.301000000000002
features,baseline,off,61,20.148,17.135,14.032,4.741,32178176,23004288,148561708,59218788,0,0,2182,0,0,91,27,0,18.773
features,baseline,off,62,19.189,16.093,13.326,4.259,31506432,22332544,148610073,57919075,0,0,2139,0,0,81,27,0,17.585
features,baseline,off,63,19.149,15.914,13.117,3.915,29720576,20513856,147515025,55997475,0,0,2032,0,0,87,27,0,17.032
features,baseline,off,64,18.039,14.981,13.124,3.686,29589504,20366336,147340077,55190688,0,0,2020,0,0,83,27,0,16.810000000000002
features,baseline,off,65,18.752,15.033,13.241,4.324,30785536,21628160,147947212,57236432,0,0,2096,0,0,105,27,0,17.564999999999998
features,baseline,off,66,19.139,16.003,13.535,4.317,32882688,23708864,148943836,56898664,0,0,2224,0,0,94,27,0,17.852
features,baseline,off,67,18.924,15.668,13.457,4.102,30244864,21038144,147644570,56911241,0,0,2061,0,0,93,27,0,17.559
features,baseline,off,68,18.932,15.669,13.185,4.248,31506432,22316224,147975574,57341660,0,0,2138,0,0,90,27,0,17.433
features,baseline,off,69,19.283,15.961,13.748,4.236,31784960,22627520,148734445,58395204,0,0,2157,0,0,95,27,0,17.983999999999998
features,baseline,off,70,19.593,16.66,13.266,4.765,32505856,23348416,148876032,58900806,0,0,2203,0,0,92,27,0,18.031
features,baseline,off,71,18.344,15.168,13.411,3.599,31719424,22545600,148185355,55302640,0,0,2154,0,0,92,27,0,17.009999999999998
features,baseline,off,72,19.315,15.618,13.617,4.224,29949952,20759616,147711817,58435880,0,0,2045,0,0,110,27,0,17.841
features,baseline,off,73,19.773,16.682,13.878,3.955,31703040,22578560,148227571,57803513,0,0,2151,0,0,118,27,0,17.833
features,baseline,off,74,18.437,15.394,13.362,3.757,29736960,20563136,147515722,55047069,0,0,2032,0,0,94,27,0,17.119
features,baseline,off,75,19.265,15.841,13.757,4.227,33030144,23889152,148852471,57943955,0,0,2232,0,0,112,27,0,17.984
features,baseline,off,76,18.264,15.434,13.007,3.86,29786112,20595840,147707026,56143190,0,0,2035,0,0,98,27,0,16.867
features,baseline,off,77,19.235,16.144,13.914,4.084,31490048,22332608,148886313,57311717,0,0,2139,0,0,97,27,0,17.997999999999998
features,baseline,off,78,19.817,16.604,13.486,4.69,30441472,21300544,148068975,59864187,0,0,2075,0,0,110,27,0,18.176000000000002
features,baseline,off,79,19.161,15.642,13.77,4.241,30572544,21382336,148012409,58881410,0,0,2080,0,0,98,27,0,18.011
features,baseline,off,80,19.123,15.693,13.391,4.015,30228480,21038208,147860349,57300944,0,0,2063,0,0,106,27,0,17.406
features,baseline,off,81,18.416,15.588,13.214,3.892,30162944,20989056,147419934,56443141,0,0,2055,0,0,87,27,0,17.106
features,baseline,off,82,19.353,15.908,13.981,4.018,32129024,23004480,148536872,58707652,0,0,2178,0,0,97,27,0,17.999
features,baseline,off,83,17.909,15.062,12.673,3.512,30064640,20874368,147333468,54324508,0,0,2052,0,0,83,27,0,16.185
features,baseline,off,84,19.11,15.784,13.753,4.056,29704192,20530368,147547764,58076967,0,0,2031,0,0,112,27,0,17.809
features,baseline,off,85,18.92,16.05,13.457,3.98,32522240,23397696,148704518,57457347,0,0,2203,0,0,107,27,0,17.437
features,baseline,off,86,19.636,16.545,13.512,4.416,30818304,21628096,148133367,58262860,0,0,2098,0,0,113,27,0,17.928
features,baseline,off,87,18.695,15.691,13.427,3.615,31899648,22725824,148044577,55200720,0,0,2163,0,0,92,27,0,17.042
features,baseline,off,88,19.344,15.512,13.166,4.144,30195712,21021888,147753410,57467428,0,0,2059,0,0,104,27,0,17.310000000000002
features,baseline,off,89,20.368,16.774,14.163,4.909,33030144,23905536,149063254,60378096,0,0,2235,0,0,106,27,0,19.072
features,baseline,off,90,19.085,16.143,13.435,3.829,32227328,23086400,148211409,56632111,0,0,2183,0,0,97,27,0,17.264
features,baseline,off,91,18.877,16.207,12.915,3.523,30081024,20890688,147517673,54876930,0,0,2053,0,0,83,27,0,16.438
features,baseline,off,92,17.651,14.365,13.063,3.46,31506432,22381824,147846236,55209576,0,0,2139,0,0,90,27,0,16.523
features,baseline,off,93,18.183,15.027,13.101,3.874,31866880,22660224,148279641,56137700,0,0,2161,0,0,95,27,0,16.975
features,baseline,off,94,19.572,16.359,13.799,4.125,32374784,23250240,148715883,57412677,0,0,2194,0,0,95,27,0,17.924
features,baseline,off,95,22.522,19.479,12.852,3.764,29786112,20579392,147451811,54980426,0,0,2033,0,0,93,27,0,16.616
features,baseline,off,96,44.36,41.226,13.634,4.518,31834112,22611072,148545752,59199862,0,0,2159,0,0,110,27,0,18.152
features,baseline,off,97,17.814,15.012,12.927,3.658,31096832,21890176,147858133,54815717,0,0,2114,0,0,100,27,0,16.585
features,baseline,off,98,17.99,14.757,13.17,3.835,30015488,20808768,147586810,55873720,0,0,2050,0,0,99,27,0,17.005
features,baseline,off,99,18.595,15.363,13.119,4.157,32620544,23446720,148793066,57296728,0,0,2209,0,0,97,27,0,17.276
features,baseline,local,0,43.962,40.444,15.03,4.88,32096256,22332480,167226766,65217851,0,4096,2182,0,0,101,27,0,19.91
features,baseline,local,1,20.096,16.555,14.433,4.534,31735808,21906496,168713822,62127152,0,4096,2158,0,0,99,27,0,18.967
features,baseline,local,2,20.33,16.81,15.094,4.773,33046528,23332160,168026735,64459551,0,4096,2240,0,0,115,27,0,19.866999999999997
features,baseline,local,3,20.394,17.022,14.748,4.893,32571392,22857152,167771825,63403386,0,4096,2210,0,0,120,27,0,19.641
features,baseline,local,4,21.329,17.661,15.181,4.958,32686080,22889536,167672827,65162591,0,4096,2219,0,0,109,27,0,20.139
features,baseline,local,5,20.755,17.223,15.431,4.465,33619968,23889152,168090621,64818115,0,4096,2275,0,0,115,27,0,19.896
features,baseline,local,6,20.487,16.814,14.776,4.697,33046528,23364928,168115301,63858281,0,4096,2240,0,0,117,27,0,19.473
features,baseline,local,7,21.819,18.511,15.114,4.684,33718272,23938176,168125771,63022252,0,4096,2280,0,0,118,27,0,19.798000000000002
features,baseline,local,8,19.348,16.051,14.237,4.681,33619968,23839872,168434422,62246415,0,4096,2274,0,0,119,27,0,18.918
features,baseline,local,9,19.767,16.484,14.184,4.623,32079872,22299712,167624039,62130214,0,4096,2180,0,0,118,27,0,18.807
features,baseline,local,10,20.186,16.184,14.413,4.75,31686656,21906496,168758013,63706188,0,4096,2156,0,0,105,27,0,19.163
features,baseline,local,11,20.32,16.868,14.594,4.498,34537472,24773760,168692181,62568671,0,4096,2332,0,0,108,27,0,19.092
features,baseline,local,12,21.397,17.72,15.323,5.256,34668544,24937728,168647098,66584698,0,4096,2339,0,0,110,27,0,20.579
features,baseline,local,13,20.176,16.877,14.334,4.457,32620544,22873344,167933117,62220579,0,4096,2212,0,0,121,27,0,18.791
features,baseline,local,14,20.75,17.092,15.213,4.554,33193984,23463168,167860909,63281405,0,4096,2249,0,0,115,27,0,19.767
features,baseline,local,15,20.553,16.587,14.932,4.583,32768000,23037184,167746623,64572176,0,4096,2224,0,0,117,27,0,19.515
features,baseline,local,16,20.551,16.852,14.773,4.828,32849920,23086272,168103348,65251366,0,4096,2228,0,0,122,27,0,19.601
features,baseline,local,17,27.273,23.745,15.407,4.782,34340864,24610112,168230723,65667004,0,4096,2319,0,0,123,27,0,20.189
features,baseline,local,18,20.781,17.335,14.993,4.929,35225600,25478464,169172855,65568738,0,4096,2373,0,0,123,27,0,19.922
features,baseline,local,19,20.026,16.379,14.619,4.49,32653312,22922432,167831013,63306687,0,4096,2217,0,0,122,27,0,19.109
features,baseline,local,20,21.05,17.882,15.064,5.08,34029568,24315200,168576532,65435119,0,4096,2300,0,0,124,27,0,20.144
features,baseline,local,21,20.991,17.214,15.429,4.41,34439168,24675520,168613051,65080861,0,4096,2324,0,0,120,27,0,19.839
features,baseline,local,22,20.637,17.273,15.237,4.481,33996800,24249536,168499359,62911263,0,4096,2297,0,0,114,27,0,19.718
features,baseline,local,23,19.756,16.425,14.299,4.341,32604160,22873344,167733553,62095516,0,4096,2213,0,0,113,27,0,18.64
features,baseline,local,24,20.797,17.403,15.169,4.659,34914304,25183424,168891144,64800383,0,4096,2356,0,0,118,27,0,19.828
features,baseline,local,25,19.971,16.168,14.67,4.298,32342016,22627584,167554026,62847115,0,4096,2197,0,0,118,27,0,18.968
features,baseline,local,26,21.086,17.868,15.148,4.628,33030144,23315776,167759799,65575426,0,4096,2239,0,0,116,27,0,19.776
features,baseline,local,27,21.039,17.786,15.246,4.582,35127296,25396544,168996338,65323331,0,4096,2367,0,0,116,27,0,19.828
features,baseline,local,28,21.959,18.562,14.869,5.684,34455552,24724800,169092788,66985133,0,4096,2325,0,0,133,27,0,20.553
features,baseline,local,29,20.368,16.404,14.539,4.616,32686080,22971584,167782377,63683094,0,4096,2220,0,0,117,27,0,19.155
features,baseline,local,30,20.472,16.745,15.017,4.844,35160064,25462144,169355696,64633970,0,4096,2368,0,0,138,27,0,19.861
features,baseline,local,31,20.389,16.881,14.81,4.518,32161792,22398016,167650580,62943970,0,4096,2186,0,0,122,27,0,19.328
features,baseline,local,32,21.33,17.782,14.908,4.6,34783232,24986752,168957277,63591979,0,4096,2345,0,0,114,27,0,19.508
features,baseline,local,33,20.707,16.979,15.437,4.369,32276480,22578432,167808047,64777344,4096,4096,2194,0,1,114,27,0,19.805999999999997
features,baseline,local,34,21.332,17.514,15.277,4.496,34701312,24888512,168689617,65135281,0,4096,2338,0,0,124,27,0,19.773
features,baseline,local,35,21.452,17.907,15.399,4.603,33488896,23790976,168365418,65576874,0,4096,2269,0,0,125,27,0,20.002
features,baseline,local,36,20.771,17.483,14.903,4.948,32309248,22594752,167990578,65776825,0,4096,2196,0,0,127,27,0,19.851
features,baseline,local,37,20.923,17.441,14.885,5.237,33308672,23577792,168349280,65151105,0,4096,2256,0,0,130,27,0,20.122
features,baseline,local,38,20.602,17.299,14.812,4.768,35192832,25412864,168689626,64338133,0,4096,2370,0,0,116,27,0,19.58
features,baseline,local,39,21.43,17.718,15.388,4.881,34029568,24249536,168932533,67041412,0,4096,2299,0,0,117,27,0,20.269
features,baseline,local,40,21.784,18.11,15.45,4.797,34013184,24298752,168456811,66696469,0,4096,2302,0,0,116,27,0,20.247
features,baseline,local,41,19.907,16.453,14.311,4.618,32260096,22512768,167541318,62016259,0,4096,2192,0,0,115,27,0,18.929000000000002
features,baseline,local,42,20.141,16.691,14.922,4.622,32161792,22398080,167444733,64742950,0,4096,2186,0,0,112,27,0,19.544
features,baseline,local,43,20.054,16.367,14.264,5.136,32047104,22299776,168947381,64975484,0,4096,2179,0,0,117,27,0,19.4
features,baseline,local,44,20.782,17.173,15.141,4.603,32112640,22332544,167453552,63583393,0,4096,2182,0,0,108,27,0,19.744
features,baseline,local,45,19.979,16.115,14.312,4.672,31571968,21775360,168790029,62944791,0,4096,2149,0,0,108,27,0,18.983999999999998
features,baseline,local,46,21.485,17.855,15.205,5.07,32440320,22676736,167976152,66498164,0,4096,2201,0,0,118,27,0,20.275
features,baseline,local,47,21.178,17.725,15.199,4.892,33128448,23348288,168081941,63667763,0,4096,2246,0,0,109,27,0,20.091
features,baseline,local,48,20.267,16.803,14.616,4.965,32145408,22398208,167574376,64229136,0,4096,2184,0,0,107,27,0,19.581
features,baseline,local,49,21.233,17.664,15.078,4.839,34553856,24855872,168553144,64278879,0,4096,2333,0,0,115,27,0,19.917
features,baseline,local,50,21.386,17.865,14.988,5.045,32751616,23004288,167813803,64226284,0,4096,2222,0,0,105,27,0,20.033
features,baseline,local,51,21.595,18.066,14.788,5.69,33800192,24069312,168948599,66552728,0,4096,2285,0,0,111,27,0,20.478
features,baseline,local,52,20.201,16.86,14.275,5.149,33030144,23282944,168121458,63955559,0,4096,2237,0,0,119,27,0,19.424
features,baseline,local,53,20.916,17.423,14.979,5.02,33030144,23233664,167865575,65078994,0,4096,2237,0,0,114,27,0,19.999
features,baseline,local,54,20.376,16.515,14.907,5.104,33914880,24216832,168838834,64039999,4096,4096,2293,0,1,121,27,0,20.011
features,baseline,local,55,20.914,17.443,14.844,4.821,33243136,23463104,168016467,63848626,0,4096,2249,0,0,116,27,0,19.665
features,baseline,local,56,20.689,17.239,14.521,5.078,32718848,23004416,167912249,64953544,0,4096,2221,0,0,116,27,0,19.599
features,baseline,local,57,21.305,17.281,14.806,4.928,32391168,22643840,167887923,65531277,0,4096,2201,0,0,117,27,0,19.733999999999998
features,baseline,local,58,25.762,21.015,15.112,5.836,31834112,22021120,169407481,67492374,0,4096,2165,0,0,115,27,0,20.948
features,baseline,local,59,20.681,17.016,14.744,4.864,31834112,22004736,168969709,63779652,0,4096,2165,0,0,113,27,0,19.608
features,baseline,local,60,20.728,17.334,14.754,4.776,32292864,22594816,167792069,63413215,0,4096,2195,0,0,112,27,0,19.53
features,baseline,local,61,21.418,17.361,15.126,5.391,32817152,23086336,167869491,67245759,0,4096,2228,0,0,119,27,0,20.517
features,baseline,local,62,19.67,16.382,14.529,4.443,32178176,22398080,167618030,61779000,0,4096,2185,0,0,110,27,0,18.972
features,baseline,local,63,21.563,17.795,15.375,5.296,34488320,24806784,168789815,67386490,0,4096,2330,0,0,127,27,0,20.671
features,baseline,local,64,20.969,17.119,14.59,5.222,34062336,24347968,168451829,65133757,0,4096,2303,0,0,118,27,0,19.812
features,baseline,local,65,20.714,16.988,14.555,4.955,31932416,22152320,167555735,63956360,0,4096,2171,0,0,107,27,0,19.509999999999998
features,baseline,local,66,21.426,17.809,15.236,5.166,32309248,22529152,167748343,65219308,0,4096,2195,0,0,113,27,0,20.402
features,baseline,local,67,20.819,17.094,15.25,4.739,32505856,22725696,167659903,65267930,0,4096,2208,0,0,111,27,0,19.989
features,baseline,local,68,21.727,17.899,15.443,5.318,32718848,23020928,167952956,64715744,0,4096,2220,0,0,142,27,0,20.761
features,baseline,local,69,20.414,16.537,14.739,4.749,31784960,22004800,168921861,63215178,0,4096,2163,0,0,108,27,0,19.488
features,baseline,local,70,20.943,17.522,15.099,4.919,35127296,25478656,169045734,65494503,0,4096,2366,0,0,129,27,0,20.018
features,baseline,local,71,20.487,16.7,14.828,4.641,33636352,23938432,168071897,63856580,0,4096,2276,0,0,114,27,0,19.469
features,baseline,local,72,21.849,18.076,15.687,4.781,32751616,23070080,167894929,66051013,0,4096,2222,0,0,123,27,0,20.468
features,baseline,local,73,46.766,42.949,15.299,5.286,32735232,23020736,168163256,67254684,0,4096,2223,0,0,130,27,0,20.585
features,baseline,local,74,21.538,17.654,14.923,5.469,32751616,22987968,168424879,66952947,0,4096,2221,0,0,131,27,0,20.392
features,baseline,local,75,20.583,17.096,15.266,4.664,34635776,24904832,168474223,64460308,0,4096,2336,0,0,130,27,0,19.93
features,baseline,local,76,22.473,18.724,14.631,4.846,32047104,22332672,167708903,63999448,0,4096,2180,0,0,127,27,0,19.477
features,baseline,local,77,20.495,17.043,14.887,4.668,33193984,23496128,168015038,64106734,0,4096,2248,0,0,126,27,0,19.555
features,baseline,local,78,26.551,23.207,15.098,4.791,35143680,25445824,169018204,64150516,0,4096,2368,0,0,115,27,0,19.889000000000003
features,baseline,local,79,21.064,17.161,14.675,4.679,32538624,22807744,167897647,63900186,0,4096,2211,0,0,115,27,0,19.354
features,baseline,local,80,42.733,33.072,14.695,4.829,32604160,22906176,168040698,64224138,0,4096,2213,0,0,113,27,0,19.524
features,baseline,local,81,20.378,16.965,14.979,4.51,32407552,22660288,167551015,62273563,0,4096,2201,0,0,118,27,0,19.488999999999997
features,baseline,local,82,20.516,16.545,14.993,4.765,32555008,22840576,167980024,65295147,0,4096,2210,0,0,142,27,0,19.758
features,baseline,local,83,20.545,16.978,14.986,4.523,35422208,25724224,169183326,63519366,0,4096,2384,0,0,120,27,0,19.509
features,baseline,local,84,21.9,18.069,15.634,4.814,32620544,22889664,167583746,66162442,0,4096,2215,0,0,120,27,0,20.448
features,baseline,local,85,26.48,23.135,15.101,4.939,35045376,25298176,169081281,65372372,0,4096,2361,0,0,116,27,0,20.04
features,baseline,local,86,20.371,16.906,15.061,4.508,32833536,23102656,168342026,64189070,0,4096,2228,0,0,129,27,0,19.569
features,baseline,local,87,21.128,17.536,15.264,4.931,32718848,22971584,168107796,66694565,0,4096,2220,0,0,129,27,0,20.195
features,baseline,local,88,21.351,17.589,15.363,4.865,35241984,25494784,169404316,65639594,0,4096,2373,0,0,138,27,0,20.228
features,baseline,local,89,20.582,16.588,14.676,4.735,32620544,22856768,167772012,63982359,0,4096,2215,0,0,111,27,0,19.411
features,baseline,local,90,21.122,17.679,15.329,4.645,35241984,25527616,168760647,64588204,0,4096,2375,0,0,119,27,0,19.974
features,baseline,local,91,28.19,18.47,14.641,4.711,32342016,22545472,168087592,63758288,0,4096,2196,0,4,123,27,0,19.352
features,baseline,local,92,20.711,17.34,14.572,5.19,32194560,22430912,167588292,65129949,0,4096,2186,0,0,106,27,0,19.762
features,baseline,local,93,20.243,16.673,14.311,4.903,31899648,22152320,167246947,63175345,0,4096,2170,0,0,111,27,0,19.214
features,baseline,local,94,19.783,16.398,14.329,4.845,32161792,22398144,167650457,63495987,0,4096,2185,0,0,110,27,0,19.174
features,baseline,local,95,19.625,16.055,14.68,4.414,33423360,23659584,168315605,63089983,0,4096,2264,0,0,108,27,0,19.094
features,baseline,local,96,19.812,16.458,14.645,4.523,32145408,22398080,168082246,62844499,0,4096,2185,0,0,116,27,0,19.168
features,baseline,local,97,20.468,17.011,14.7,4.97,34045952,24315136,168900241,64137834,0,4096,2301,0,0,130,27,0,19.669999999999998
features,baseline,local,98,20.982,17.278,15.006,4.479,34537472,24839488,168484462,64911556,0,4096,2332,0,0,112,27,0,19.485
features,baseline,local,99,20.279,16.628,14.567,4.553,32325632,22578368,167654119,63135413,0,4096,2195,0,0,116,27,0,19.12
features,pruned,off,0,7.722,6.995,4.196,2.278,12550144,6046720,52530041,21229927,0,0,982,0,0,98,27,0,6.474
features,pruned,off,1,7.479,6.754,3.988,2.25,12173312,5686272,52380660,20530522,0,0,958,0,0,95,27,0,6.2379999999999995
features,pruned,off,2,7.998,7.262,4.047,2.311,13139968,6685824,52797652,20900642,0,0,1018,0,0,97,27,0,6.358
features,pruned,off,3,7.528,6.735,4.211,2.774,12517376,6030400,52543252,21799900,0,0,978,0,0,100,27,0,6.985
features,pruned,off,4,8.015,7.305,4.265,2.294,12402688,5932096,52427126,21149729,0,0,970,0,0,82,27,0,6.558999999999999
features,pruned,off,5,7.848,7.067,4.239,2.469,12304384,5817344,52265547,21435992,0,0,967,0,0,86,27,0,6.708
features,pruned,off,6,7.996,7.231,4.24,2.619,12288000,5800960,52473618,21615785,0,0,964,0,0,88,27,0,6.859
features,pruned,off,7,7.948,7.171,4.3,2.443,12337152,5850112,52359187,21246962,0,0,968,0,0,92,27,0,6.743
features,pruned,off,8,7.743,6.942,4.235,2.653,12353536,5850112,52557009,22315992,0,0,969,0,0,105,27,0,6.888
features,pruned,off,9,7.594,6.895,4.124,2.163,12189696,5686208,52250101,20207566,0,0,959,0,0,89,27,0,6.286999999999999
features,pruned,off,10,7.819,7.053,4.174,2.57,12271616,5768192,52340970,21427262,0,0,965,0,0,93,27,0,6.744
features,pruned,off,11,8.201,7.388,4.347,2.588,12435456,5964864,52469983,22196564,0,0,974,0,0,91,27,0,6.9350000000000005
features,pruned,off,12,8.333,7.542,4.4,2.657,12910592,6440000,52393750,22472676,0,0,1004,0,0,85,27,0,7.057
features,pruned,off,13,8.518,7.723,4.215,2.594,12730368,6259776,52472461,22329791,0,0,992,0,0,91,27,0,6.808999999999999
features,pruned,off,14,8.224,7.425,4.344,2.571,12517376,6046784,52367516,22514942,0,0,980,0,0,89,27,0,6.915000000000001
features,pruned,off,15,8.16,7.207,4.348,2.775,12451840,5931968,52433043,23054798,0,0,975,0,0,105,27,0,7.122999999999999
features,pruned,off,16,8.295,7.507,4.426,2.545,12861440,6390912,52856887,22809512,0,0,1000,0,0,98,27,0,6.971
features,pruned,off,17,7.99,7.202,4.257,2.389,12484608,5997568,52482325,21904290,0,0,978,0,0,96,27,0,6.645999999999999
features,pruned,off,18,8.057,7.273,4.351,2.601,12500992,6030400,52519538,22742458,0,0,978,0,0,102,27,0,6.952
features,pruned,off,19,8.943,8.177,4.564,2.804,12713984,6210560,52491656,24163348,0,0,991,0,0,95,27,0,7.368
features,pruned,off,20,7.809,7.03,4.2,2.391,12337152,5850176,52422735,21372259,0,0,969,0,0,97,27,0,6.591
features,pruned,off,21,7.788,7.018,4.286,2.415,12845056,6390912,52568184,21641135,0,0,999,0,0,96,27,0,6.701
features,pruned,off,22,7.807,6.962,4.29,2.23,12451840,5948416,52516483,21193978,0,0,975,0,0,103,27,0,6.52
features,pruned,off,23,8.248,7.467,4.391,2.616,12861440,6358016,52685569,22359745,0,0,1001,0,0,99,27,0,7.007
features,pruned,off,24,8.572,7.694,4.312,2.578,13008896,6538368,52785328,22382210,0,0,1010,0,0,102,27,0,6.890000000000001
features,pruned,off,25,7.431,6.681,4.115,2.188,12238848,5751808,52336069,20476601,0,0,962,0,0,96,27,0,6.303000000000001
features,pruned,off,26,8.196,7.439,4.351,2.408,12533760,6030272,52390271,22008245,0,0,981,0,0,89,27,0,6.759
features,pruned,off,27,8.241,7.421,4.299,2.351,12500992,6013952,52568678,21895964,0,0,978,0,0,102,27,0,6.65
features,pruned,off,28,8.065,7.315,4.204,2.371,12206080,5702592,52307772,21344266,0,0,961,0,0,95,27,0,6.574999999999999
features,pruned,off,29,7.768,6.991,4.305,2.495,12304384,5850240,52387368,21990702,0,0,967,0,0,95,27,0,6.8
features,pruned,off,30,7.752,7.059,4.193,2.199,12369920,5866496,52449703,20766541,0,0,971,0,0,98,27,0,6.3919999999999995
features,pruned,off,31,8.67,7.728,4.494,3.19,12664832,6210688,52681351,24910135,0,0,987,0,0,104,27,0,7.683999999999999
features,pruned,off,32,8.501,7.741,4.323,2.538,12533760,6063168,52534769,22697375,0,0,981,0,0,89,27,0,6.861000000000001
features,pruned,off,33,7.583,6.835,4.146,2.559,12451840,5981248,52470090,21376708,0,0,974,0,0,94,27,0,6.705
features,pruned,off,34,8.627,7.871,4.45,2.918,12189696,5702656,52377059,23887074,0,0,959,0,0,93,27,0,7.368
features,pruned,off,35,8.275,7.429,4.423,2.566,12353536,5850112,52514737,22494842,0,0,969,0,0,102,27,0,6.989
features,pruned,off,36,8.894,8.005,4.335,2.962,14139392,7685248,53425048,23578552,0,0,1080,0,0,119,27,0,7.297000000000001
features,pruned,off,37,8.147,7.228,4.361,2.386,12926976,6440000,52596205,22022171,0,0,1002,0,0,98,27,0,6.747
features,pruned,off,38,7.292,6.549,4.09,2.259,12173312,5669888,52337125,20489522,0,0,959,0,0,93,27,0,6.349
features,pruned,off,39,7.528,6.77,4.138,2.395,12222464,5735424,52324101,21442075,0,0,962,0,0,95,27,0,6.5329999999999995
features,pruned,off,40,35.118,34.304,4.294,3.016,12435456,5915584,52550910,23419559,0,0,975,0,0,106,27,0,7.31
features,pruned,off,41,8.577,7.845,4.146,2.424,12386304,5882880,52365020,21160977,0,0,972,0,0,92,27,0,6.57
features,pruned,off,42,8.273,7.407,4.313,2.462,12222464,5735424,52162127,22081555,0,0,961,0,0,85,27,0,6.775
features,pruned,off,43,9.229,8.425,4.286,2.49,12238848,5735488,52295927,21747453,0,0,963,0,0,94,27,0,6.776
features,pruned,off,44,8.163,7.302,4.284,2.633,12255232,5768192,52457350,22254799,0,0,963,0,0,97,27,0,6.917
features,pruned,off,45,9.214,8.409,4.411,2.57,12156928,5653504,52166079,22903015,0,0,957,0,0,88,27,0,6.981
features,pruned,off,46,7.523,6.724,4.054,2.254,12140544,5653504,52340476,20808683,0,0,954,0,0,94,27,0,6.308
features,pruned,off,47,7.909,6.956,4.171,2.571,12500992,6030400,52490773,21730584,0,0,978,0,0,100,27,0,6.742000000000001
features,pruned,off,48,7.671,6.898,4.133,2.269,12189696,5702656,52331667,21132298,0,0,960,0,0,97,27,0,6.402
features,pruned,off,49,7.762,6.967,4.242,2.323,12451840,5964800,52358945,20827926,0,0,976,0,0,92,27,0,6.5649999999999995
features,pruned,off,50,8.107,7.271,4.238,2.443,12828672,6358080,52794902,21905651,0,0,999,0,0,91,27,0,6.681000000000001
features,pruned,off,51,7.168,6.396,4.047,2.237,12320768,5850176,52315005,20767568,0,0,968,0,0,94,27,0,6.284
features,pruned,off,52,9.202,8.379,4.413,2.696,12402688,5882816,52432990,22364188,0,0,970,0,0,98,27,0,7.109
features,pruned,off,53,7.931,7.139,4.277,2.761,12419072,5932096,52522199,22413593,0,0,971,0,0,108,27,0,7.038
features,pruned,off,54,7.787,6.887,4.136,2.624,12402688,5915712,52505744,21956469,0,0,970,0,0,107,27,0,6.76
features,pruned,off,55,7.467,6.798,4.085,2.238,12337152,5866560,52276018,20231838,0,0,968,0,0,85,27,0,6.323
features,pruned,off,56,8.068,7.233,4.324,2.63,12468224,5964800,52330982,22105244,0,0,977,0,0,94,27,0,6.954
features,pruned,off,57,9.368,8.436,4.779,3.06,13565952,7078976,53128535,24394223,0,0,1042,0,0,104,27,0,7.839
features,pruned,off,58,8.379,7.494,4.309,2.703,12337152,5850112,52354581,23075377,0,0,968,0,0,89,27,0,7.0120000000000005
features,pruned,off,59,8.028,7.114,4.332,2.682,12353536,5882944,52451163,22042796,0,0,970,0,0,99,27,0,7.013999999999999
features,pruned,off,60,8.664,7.724,4.396,2.995,12795904,6292416,52587584,23798759,0,0,997,0,0,94,27,0,7.391
features,pruned,off,61,7.918,6.976,4.184,2.864,12517376,6030336,52517564,23268557,0,0,981,0,0,102,27,0,7.048
features,pruned,off,62,8.275,7.398,4.219,2.613,12091392,5604352,52635320,22357684,0,0,953,0,0,91,27,0,6.832000000000001
features,pruned,off,63,8.174,7.337,4.318,2.638,12664832,6194304,52588025,22171591,0,0,989,0,0,95,27,0,6.9559999999999995
features,pruned,off,64,7.927,7.038,4.087,2.546,12353536,5866560,52505158,21747589,0,0,970,0,0,93,27,0,6.632999999999999
features,pruned,off,65,9.357,8.627,4.115,2.623,12435456,5948480,52448162,21767090,0,0,975,0,0,92,27,0,6.738
features,pruned,off,66,8.051,7.247,4.391,2.665,12238848,5768256,52496625,22589123,0,0,963,0,0,100,27,0,7.056
features,pruned,off,67,7.821,6.956,4.157,2.501,12255232,5768192,52374813,20974505,0,0,964,0,0,92,27,0,6.6579999999999995
features,pruned,off,68,8.105,7.15,4.155,2.753,12386304,5915712,52404585,22353597,0,0,972,0,0,88,27,0,6.908
features,pruned,off,69,7.801,7.053,4.161,2.237,12337152,5850112,52368663,20819357,0,0,969,0,0,92,27,0,6.398
features,pruned,off,70,6.592,5.786,3.907,2.199,12320768,5817344,52275921,20274132,0,0,966,0,0,93,27,0,6.106
features,pruned,off,71,8.08,7.289,4.308,2.499,12550144,6063104,52525287,21905156,0,0,980,0,0,96,27,0,6.807
features,pruned,off,72,7.916,7.029,4.285,2.354,12124160,5620736,52331832,21193987,0,0,952,0,0,103,27,0,6.639
features,pruned,off,73,8.218,7.367,4.424,2.486,12304384,5817344,52365765,21929171,0,0,968,0,0,92,27,0,6.91
features,pruned,off,74,8.148,7.364,4.376,2.683,12795904,6358208,52700393,22552643,0,0,994,0,0,97,27,0,7.059
features,pruned,off,75,8.515,7.75,4.362,2.719,12353536,5866496,52418109,22673159,0,0,970,0,0,96,27,0,7.0809999999999995
features,pruned,off,76,7.655,6.879,4.33,2.359,12632064,6145088,52434000,21743300,0,0,987,0,0,91,27,0,6.689
features,pruned,off,77,8.551,7.672,4.56,2.746,12861440,6407296,52631883,23531610,0,0,1001,0,0,104,27,0,7.305999999999999
features,pruned,off,78,8.388,7.518,4.354,2.7,12255232,5768192,52421873,22458050,0,0,964,0,0,95,27,0,7.054
features,pruned,off,79,8.271,7.328,4.47,2.72,12599296,6128768,52648208,22784473,0,0,984,0,0,105,27,0,7.1899999999999995
features,pruned,off,80,8.131,7.336,4.376,2.615,12533760,6046720,52558634,22426633,0,0,979,0,0,99,27,0,6.9910000000000005
features,pruned,off,81,9.08,8.202,4.543,3.043,12189696,5702656,52396237,24384101,0,0,960,0,0,97,27,0,7.586
features,pruned,off,82,8.251,7.4,4.379,2.687,12451840,5948416,52589578,22742769,0,0,976,0,0,109,27,0,7.065999999999999
features,pruned,off,83,8.643,7.642,4.475,3.225,12599296,6112320,52899794,24779982,0,0,979,0,0,125,27,0,7.699999999999999
features,pruned,off,84,7.846,7.091,4.189,2.267,12156928,5637056,52278625,20797490,0,0,958,0,0,88,27,0,6.4559999999999995
features,pruned,off,85,8.859,8.076,4.543,2.981,12468224,5981184,52655341,24221239,0,0,977,0,0,106,27,0,7.524
features,pruned,off,86,8.529,7.627,4.408,2.68,12664832,6194240,52815248,23070818,0,0,989,0,0,100,27,0,7.088000000000001
features,pruned,off,87,33.406,32.6,4.437,2.852,12484608,5997568,52589290,23295548,0,0,978,0,0,104,27,0,7.289
features,pruned,off,88,8.315,7.523,4.401,2.942,12320768,5833728,52414707,23462393,0,0,966,0,0,98,27,0,7.343
features,pruned,off,89,8.067,7.243,4.334,2.738,12697600,6227072,52669631,23014999,0,0,991,0,0,105,27,0,7.071999999999999
features,pruned,off,90,8.976,8.159,4.631,2.779,13139968,6685824,52668923,23294292,0,0,1018,0,0,94,27,0,7.41
features,pruned,off,91,8.044,7.275,4.296,2.56,12582912,6112320,52495257,22421533,0,0,982,0,0,93,27,0,6.856
features,pruned,off,92,8.121,7.259,4.222,2.546,12206080,5735488,52441317,21787308,0,0,960,0,0,105,27,0,6.768000000000001
features,pruned,off,93,7.298,6.534,4.004,2.36,12075008,5587968,52294334,21035522,0,0,953,0,0,96,27,0,6.363999999999999
features,pruned,off,94,7.198,6.457,3.997,2.231,12173312,5686272,52320437,20619874,0,0,958,0,0,94,27,0,6.228
features,pruned,off,95,7.487,6.702,4.119,2.248,12189696,5702656,52328253,20937204,0,0,958,0,0,95,27,0,6.367
features,pruned,off,96,7.41,6.53,4.061,2.407,12517376,6030336,52513356,21384267,0,0,980,0,0,99,27,0,6.468
features,pruned,off,97,8.33,7.4,4.44,2.762,12419072,5948544,52651923,22761961,0,0,973,0,0,101,27,0,7.202
features,pruned,off,98,8.083,7.346,4.237,2.484,12206080,5702656,52216403,22011406,0,0,961,0,0,89,27,0,6.721
features,pruned,off,99,7.52,6.757,4.066,2.466,12206080,5719040,52264577,21006703,0,0,960,0,0,94,27,0,6.532
features,pruned,local,0,10.303,8.967,5.051,3.685,13287424,6194176,59075432,28192985,0,4096,1033,0,0,121,27,0,8.736
features,pruned,local,1,8.999,7.831,4.814,3.064,13172736,6095936,58914508,24914847,0,4096,1025,0,0,111,27,0,7.878
features,pruned,local,2,8.634,7.502,4.534,2.888,13795328,6751424,59094592,24048126,0,4096,1061,0,0,104,27,0,7.422
features,pruned,local,3,8.849,7.605,4.63,3.21,13795328,6767808,59101447,25353270,0,4096,1062,0,0,107,27,0,7.84
features,pruned,local,4,8.764,7.598,4.692,2.945,13287424,6227072,58831673,24113271,0,4096,1030,0,0,104,27,0,7.6370000000000005
features,pruned,local,5,9.514,8.288,4.715,3.432,13271040,6227008,58931568,26202718,0,4096,1031,0,0,114,27,0,8.147
features,pruned,local,6,9.222,8.034,4.822,3.17,13221888,6161408,59045431,25225182,0,4096,1029,0,0,112,27,0,7.992
features,pruned,local,7,8.779,7.624,4.714,2.921,13500416,6456384,58961476,24412746,0,4096,1046,0,0,103,27,0,7.635
features,pruned,local,8,9.172,8.002,4.592,3.449,13008896,5931968,58877184,25837338,0,4096,1016,0,0,114,27,0,8.041
features,pruned,local,9,8.347,7.245,4.602,3.004,13369344,6308928,58953612,24657653,0,4096,1038,0,0,110,27,0,7.606
features,pruned,local,10,8.194,7.065,4.445,2.982,13336576,6243328,58965726,24065643,0,4096,1036,0,0,109,27,0,7.4270000000000005
features,pruned,local,11,8.864,7.532,4.761,3.402,13844480,6784064,59355577,25936485,0,4096,1066,0,0,124,27,0,8.163
features,pruned,local,12,9.683,8.461,4.926,3.68,13484032,6390784,59250315,27773981,0,4096,1045,0,0,123,27,0,8.606
features,pruned,local,13,9.365,8.192,4.933,3.283,13877248,6833280,59621065,25990253,0,4096,1069,0,0,107,27,0,8.216
features,pruned,local,14,8.809,7.735,4.752,2.988,13303808,6243328,59025006,24973910,0,4096,1034,0,0,108,27,0,7.74
features,pruned,local,15,8.773,7.731,4.622,2.96,13238272,6177792,58913091,24582427,0,4096,1030,0,0,112,27,0,7.582
features,pruned,local,16,9.298,7.964,4.939,3.467,13631488,6571072,59467839,27383930,0,4096,1054,0,0,132,27,0,8.406
features,pruned,local,17,9.275,8.106,4.907,3.349,13828096,6784128,59200134,27033873,0,4096,1063,0,0,113,27,0,8.256
features,pruned,local,18,8.9,7.826,4.68,2.756,13156352,6112320,59083795,24076171,0,4096,1025,0,0,118,27,0,7.436
features,pruned,local,19,8.411,7.281,4.681,2.972,13516800,6505664,59141191,24961755,0,4096,1046,0,0,114,27,0,7.6530000000000005
features,pruned,local,20,8.789,7.761,4.827,2.978,14073856,7029888,59523369,25294690,0,4096,1081,0,0,125,27,0,7.805
features,pruned,local,21,9.021,7.821,4.658,3.068,14139392,7177536,59393183,25082984,0,4096,1084,0,0,113,27,0,7.726000000000001
features,pruned,local,22,8.717,7.507,4.78,3.107,13467648,6456448,58961641,25563986,0,4096,1042,0,0,107,27,0,7.8870000000000005
features,pruned,local,23,9.491,8.257,4.847,3.442,13729792,6669440,59263062,26823633,0,4096,1060,0,0,120,27,0,8.289000000000001
features,pruned,local,24,9.221,8.173,4.782,3.055,13369344,6276032,59029395,25221510,0,4096,1038,0,0,110,27,0,7.837
features,pruned,local,25,9.206,8.043,4.81,3.473,13336576,6292608,58983714,26902316,0,4096,1035,0,0,115,27,0,8.283
features,pruned,local,26,9.11,7.995,4.929,3.135,13451264,6423680,59049044,26281099,0,4096,1043,0,0,117,27,0,8.064
features,pruned,local,27,8.678,7.607,4.669,3.009,13205504,6128640,59118175,24930240,0,4096,1027,0,0,110,27,0,7.677999999999999
features,pruned,local,28,9.09,7.861,4.794,3.16,13729792,6669440,59661459,26220870,0,4096,1057,0,0,119,27,0,7.954
features,pruned,local,29,8.728,7.667,4.674,3.071,13500416,6456448,59140921,25185299,0,4096,1044,0,0,114,27,0,7.745000000000001
features,pruned,local,30,9.074,7.981,4.617,2.819,13352960,6325440,59066844,24150472,0,4096,1036,0,0,112,27,0,7.436
features,pruned,local,31,9.303,8.111,4.907,3.446,13860864,6866176,59208213,27126973,0,4096,1068,0,0,115,27,0,8.353
features,pruned,local,32,9.157,8.142,4.705,2.902,13402112,6358080,59229236,24777271,0,4096,1040,0,0,111,27,0,7.607
features,pruned,local,33,9.0,7.902,4.779,2.961,13467648,6407232,59129977,25133805,0,4096,1041,0,0,112,27,0,7.74
features,pruned,local,34,8.492,7.255,4.594,3.231,13467648,6440064,59217816,25560100,0,4096,1043,0,0,111,27,0,7.825
features,pruned,local,35,9.303,8.222,4.8,2.932,13615104,6571136,59222965,25214418,0,4096,1053,0,0,116,27,0,7.731999999999999
features,pruned,local,36,8.621,7.576,4.763,3.052,13598720,6587648,59084262,25226687,0,4096,1052,0,0,112,27,0,7.8149999999999995
features,pruned,local,37,8.707,7.683,4.764,2.836,13336576,6325440,59025129,24715474,0,4096,1036,0,0,114,27,0,7.6
features,pruned,local,38,8.656,7.558,4.78,3.288,13352960,6292544,59191517,26224762,0,4096,1034,0,0,125,27,0,8.068
features,pruned,local,39,9.13,7.967,4.796,3.288,13549568,6538432,59435185,26318473,0,4096,1048,0,0,117,27,0,8.084
features,pruned,local,40,8.688,7.598,4.712,3.131,13352960,6292480,58874422,25118558,0,4096,1037,0,0,105,27,0,7.843
features,pruned,local,41,8.316,7.175,4.534,2.798,13320192,6292608,58891688,23571867,0,4096,1033,0,0,104,27,0,7.332
features,pruned,local,42,8.656,7.396,4.661,3.165,13418496,6390912,59034162,25036372,4096,4096,1041,0,1,109,27,0,7.826
features,pruned,local,43,8.748,7.635,4.615,3.043,13402112,6358080,59019212,24682419,0,4096,1039,0,0,106,27,0,7.658
features,pruned,local,44,8.304,7.057,4.538,2.867,13336576,6292608,59085349,24067266,0,4096,1034,0,0,115,27,0,7.405
features,pruned,local,45,8.872,7.659,4.671,3.282,13303808,6259840,59617884,24575483,0,4096,1034,0,0,112,27,0,7.953
features,pruned,local,46,10.155,8.941,4.829,3.314,13402112,6358144,59094013,25368535,0,4096,1039,0,0,110,27,0,8.143
features,pruned,local,47,11.405,10.054,4.646,2.929,13369344,6341696,59184728,24309321,0,4096,1036,0,0,110,27,0,7.574999999999999
features,pruned,local,48,9.302,8.225,4.768,3.137,13320192,6276224,59029138,25286675,0,4096,1034,0,0,108,27,0,7.904999999999999
features,pruned,local,49,9.599,8.436,5.039,3.634,13385728,6374528,59281170,27775212,0,4096,1039,0,0,109,27,0,8.673
features,pruned,local,50,8.775,7.63,4.731,3.2,13402112,6374464,59047833,26120047,0,4096,1040,0,0,118,27,0,7.931
features,pruned,local,51,8.854,7.582,4.649,3.222,13238272,6161408,59316714,25232819,0,4096,1030,0,0,119,27,0,7.871
features,pruned,local,52,9.227,7.995,4.714,3.168,13271040,6177792,58975765,25836997,0,4096,1032,0,0,113,27,0,7.882000000000001
features,pruned,local,53,11.276,9.833,5.367,3.823,14827520,7849280,59534948,29397235,0,4096,1128,0,0,98,27,0,9.19
features,pruned,local,54,9.054,7.913,4.762,3.584,13156352,6095872,58965185,26484349,0,4096,1025,0,0,113,27,0,8.346
features,pruned,local,55,9.204,8.011,4.705,3.391,13385728,6341760,59057728,25572747,0,4096,1038,0,0,108,27,0,8.096
features,pruned,local,56,8.38,7.327,4.597,2.977,13664256,6603840,59348524,24889990,0,4096,1056,0,0,112,27,0,7.574
features,pruned,local,57,8.785,7.75,4.688,3.058,13058048,6013952,58958218,24903710,4096,4096,1019,0,1,114,27,0,7.7459999999999996
features,pruned,local,58,8.896,7.676,4.792,3.055,13189120,6145152,59121426,25093667,0,4096,1027,0,0,116,27,0,7.8469999999999995
features,pruned,local,59,8.862,7.547,4.695,3.238,13582336,6554752,59101238,25494137,0,4096,1051,0,0,110,27,0,7.933
features,pruned,local,60,8.1,7.102,4.456,2.774,13090816,6046784,58897336,23641227,0,4096,1021,0,0,119,27,0,7.23
features,pruned,local,61,9.253,8.114,4.6,3.055,13369344,6325376,58825284,25136641,0,4096,1038,0,0,101,27,0,7.654999999999999
features,pruned,local,62,9.315,8.236,4.642,3.074,13254656,6210624,59249874,25278430,0,4096,1031,0,0,119,27,0,7.716
features,pruned,local,63,9.393,8.225,4.594,3.225,13303808,6243328,59000395,25413691,0,4096,1033,0,0,112,27,0,7.819000000000001
features,pruned,local,64,9.381,8.188,4.682,3.314,13303808,6259712,58930794,25569196,0,4096,1034,0,0,102,27,0,7.996
features,pruned,local,65,8.603,7.522,4.671,3.114,13303808,6259840,59015319,24286077,0,4096,1033,0,0,109,27,0,7.785
features,pruned,local,66,8.83,7.495,4.681,3.259,13484032,6440000,59038509,25764139,0,4096,1045,0,0,111,27,0,7.9399999999999995
features,pruned,local,67,9.387,8.223,4.787,3.176,13615104,6571200,59036745,25572765,0,4096,1052,0,0,109,27,0,7.963
features,pruned,local,68,9.536,8.273,4.897,3.513,13697024,6702272,59121540,26411039,0,4096,1058,0,0,113,27,0,8.41
features,pruned,local,69,7.881,6.74,4.476,2.91,13418496,6374528,59102538,24159035,0,4096,1041,0,0,124,27,0,7.386
features,pruned,local,70,8.292,7.255,4.469,2.915,13582336,6538304,59123011,24304744,0,4096,1051,0,0,112,27,0,7.384
features,pruned,local,71,8.675,7.58,4.784,2.971,13565952,6521984,58932124,24828847,0,4096,1049,0,0,106,27,0,7.755
features,pruned,local,72,9.767,8.562,4.904,3.601,13385728,6325312,59123757,27084929,0,4096,1039,0,0,121,27,0,8.504999999999999
features,pruned,local,73,8.638,7.387,4.666,2.834,13549568,6505536,59041840,24290708,0,4096,1049,0,0,113,27,0,7.5
features,pruned,local,74,8.645,7.455,4.67,3.145,13271040,6210688,59314553,24782653,0,4096,1032,0,0,128,27,0,7.8149999999999995
features,pruned,local,75,8.975,7.756,4.746,3.441,13762560,6735040,59471608,26714889,0,4096,1061,0,0,136,27,0,8.187000000000001
features,pruned,local,76,9.045,7.892,4.836,3.112,13565952,6505536,59102201,25251339,0,4096,1050,0,0,112,27,0,7.948
features,pruned,local,77,8.866,7.638,4.777,3.099,14106624,7079104,59160257,25525918,0,4096,1082,0,0,102,27,0,7.876
features,pruned,local,78,8.856,7.575,4.838,3.152,14106624,7095552,59445397,25872898,0,4096,1083,0,0,118,27,0,7.99
features,pruned,local,79,8.468,7.431,4.617,2.817,13303808,6226944,58889365,23762571,0,4096,1033,0,0,105,27,0,7.434
features,pruned,local,80,8.937,7.83,4.705,3.199,14467072,7472384,59682273,25852527,0,4096,1105,0,0,119,27,0,7.904
features,pruned,local,81,9.342,8.199,4.912,3.434,13615104,6571136,59238562,26707735,0,4096,1052,0,0,123,27,0,8.346
features,pruned,local,82,9.629,8.524,4.898,3.462,13516800,6472768,59236790,26803624,0,4096,1047,0,0,126,27,0,8.36
features,pruned,local,83,8.545,7.329,4.654,3.04,13139968,6079488,59015615,24596057,0,4096,1024,0,0,118,27,0,7.694
features,pruned,local,84,8.725,7.512,4.801,3.08,13369344,6276096,59145487,25360088,0,4096,1038,0,0,117,27,0,7.881
features,pruned,local,85,29.15,8.52,4.972,3.876,13254656,6177728,59439593,28184691,0,4096,1031,0,0,121,27,0,8.848
features,pruned,local,86,8.751,7.488,4.7,2.996,13697024,6653056,59283512,24972346,0,4096,1058,0,0,118,27,0,7.696
features,pruned,local,87,8.872,7.795,4.864,3.183,13762560,6734976,59234194,25813193,0,4096,1061,0,0,112,27,0,8.047
features,pruned,local,88,8.33,7.297,4.661,2.715,13287424,6227008,58930937,23589444,0,4096,1032,0,0,110,27,0,7.3759999999999994
features,pruned,local,89,8.925,7.74,4.751,3.254,13631488,6587456,59512189,25710562,0,4096,1054,0,0,119,27,0,8.005
features,pruned,local,90,10.061,8.574,5.115,3.566,14794752,7800128,59795592,27176962,0,4096,1126,0,0,119,27,0,8.681000000000001
features,pruned,local,91,8.927,7.8,4.83,3.546,13647872,6636736,59329542,26522358,0,4096,1055,0,0,117,27,0,8.376
features,pruned,local,92,8.367,7.305,4.658,2.894,13254656,6194176,59087285,24564070,0,4096,1031,0,0,110,27,0,7.5520000000000005
features,pruned,local,93,10.007,8.905,5.072,3.692,13467648,6407168,58855759,28550761,0,4096,1041,0,0,99,27,0,8.764
features,pruned,local,94,7.841,6.798,4.471,2.902,13533184,6505600,59014293,23659561,0,4096,1048,0,0,108,27,0,7.373
features,pruned,local,95,9.725,8.648,4.698,3.326,13139968,6079488,58864442,25832141,0,4096,1024,0,0,106,27,0,8.024000000000001
features,pruned,local,96,8.683,7.655,4.67,2.906,13418496,6374464,58885637,23977086,0,4096,1041,0,0,106,27,0,7.5760000000000005
features,pruned,local,97,8.599,7.433,4.778,2.84,13484032,6472896,58830927,24207688,0,4096,1043,0,0,105,27,0,7.617999999999999
features,pruned,local,98,7.992,6.77,4.446,2.852,13156352,6095872,58988412,23636825,0,4096,1025,0,0,106,27,0,7.298
features,pruned,local,99,8.282,7.114,4.53,2.951,13352960,6341824,58890327,24617820,0,4096,1035,0,0,110,27,0,7.481
wrapper_version,baseline,off,0,24.983,16.295,17.417,6.033,33996800,23872832,155329202,63547508,0,0,2954,0,0,132,154,0,23.450000000000003
wrapper_version,baseline,off,1,23.889,15.296,16.829,6.001,31555584,21382208,155972502,60257223,0,0,2802,0,0,133,154,0,22.830000000000002
wrapper_version,baseline,off,2,25.804,16.025,17.037,6.557,31883264,21726336,156174042,63153422,0,0,2823,0,0,144,154,0,23.594
wrapper_version,baseline,off,3,24.145,15.604,16.804,5.935,31916032,21808448,154813504,60873349,0,0,2827,0,0,137,154,0,22.738999999999997
wrapper_version,baseline,off,4,26.526,17.536,17.475,6.744,33275904,23168256,155424519,64406113,0,0,2912,0,0,149,154,0,24.219
wrapper_version,baseline,off,5,25.436,16.31,17.368,6.158,33406976,23282944,155372248,62437926,0,0,2918,0,0,139,154,0,23.526
wrapper_version,baseline,off,6,25.056,16.873,17.414,5.895,34635776,24495360,155951104,63119563,0,0,2994,0,0,125,154,0,23.309
wrapper_version,baseline,off,7,24.063,15.426,16.684,6.016,31719424,21578944,156114912,60965456,0,0,2823,0,0,137,154,0,22.700000000000003
wrapper_version,baseline,off,8,25.544,16.65,17.682,6.097,34684928,24560832,156268994,64698078,0,0,2995,0,0,146,154,0,23.779
wrapper_version,baseline,off,9,24.445,16.171,16.651,5.986,31784960,21660864,154683708,62256282,0,0,2818,0,0,128,154,0,22.637
wrapper_version,baseline,off,10,23.902,15.427,17.005,6.024,31490048,21349440,155892338,61302043,0,0,2800,0,0,130,154,0,23.029
wrapper_version,baseline,off,11,25.322,16.632,17.023,6.02,31342592,21169216,156009768,62262811,0,0,2791,0,0,137,154,0,23.043
wrapper_version,baseline,off,12,25.314,16.441,17.5,6.301,32948224,22840576,155156532,63152975,0,0,2905,0,0,141,154,0,23.801000000000002
wrapper_version,baseline,off,13,24.657,16.114,17.007,5.773,33374208,23217344,155284433,61752495,0,0,2916,0,0,142,154,0,22.78
wrapper_version,baseline,off,14,26.022,16.63,17.62,5.925,32194560,22054016,154795750,62389907,0,0,2844,0,0,115,154,0,23.545
wrapper_version,baseline,off,15,24.015,15.65,17.19,5.563,34635776,24544512,155573297,61707366,0,0,2992,0,0,139,154,0,22.753
wrapper_version,baseline,off,16,24.532,15.728,17.027,6.139,33144832,22987904,155271045,61346872,0,0,2927,0,0,147,154,0,23.166
wrapper_version,baseline,off,17,24.708,16.166,17.136,5.661,34340864,24200384,156009036,61352244,0,0,2976,0,0,139,154,0,22.796999999999997
wrapper_version,baseline,off,18,24.807,16.554,17.305,5.867,34668544,24593728,156146937,63680600,0,0,2994,0,0,153,154,0,23.172
wrapper_version,baseline,off,19,24.399,16.175,16.86,5.824,34439168,24347968,155995702,61454919,0,0,2984,0,0,135,154,0,22.683999999999997
wrapper_version,baseline,off,20,25.254,15.725,16.876,6.064,32194560,22103360,156302293,62990046,0,0,2843,0,0,128,154,0,22.94
wrapper_version,baseline,off,21,24.638,15.971,16.585,5.666,33374208,23266560,155403630,61064098,0,0,2911,0,0,139,154,0,22.251
wrapper_version,baseline,off,22,24.485,16.267,17.066,5.761,34226176,24102016,156092993,60111975,0,0,2988,0,0,129,154,0,22.826999999999998
wrapper_version,baseline,off,23,24.608,16.247,17.009,6.054,33193984,23053504,155405968,60945527,0,0,2903,0,0,144,154,0,23.063000000000002
wrapper_version,baseline,off,24,25.622,16.489,17.169,6.905,31506432,21349568,156145218,64436039,0,0,2800,0,0,147,154,0,24.074
wrapper_version,baseline,off,25,23.455,14.869,16.173,5.753,31686656,21562560,156094765,61001113,0,0,2811,0,0,132,154,0,21.926
wrapper_version,baseline,off,26,25.078,16.276,17.178,6.311,32161792,22021312,154734660,62812719,0,0,2842,0,0,150,154,0,23.489
wrapper_version,baseline,off,27,24.581,16.312,16.97,5.907,33685504,23545024,156004712,61918218,0,0,2937,0,0,149,154,0,22.877
wrapper_version,baseline,off,28,24.357,15.826,16.971,5.728,31817728,21660800,154552815,60015366,0,0,2819,0,0,131,154,0,22.698999999999998
wrapper_version,baseline,off,29,25.677,17.044,17.619,6.162,33751040,23643392,155584244,64696473,0,0,2939,0,0,141,154,0,23.781
wrapper_version,baseline,off,30,24.76,16.477,17.085,6.008,34308096,24184064,155848280,63428242,0,0,2974,0,0,146,154,0,23.093
wrapper_version,baseline,off,31,30.591,21.584,16.98,6.635,31997952,21890304,155046012,63737984,0,0,2833,0,0,160,154,0,23.615000000000002
wrapper_version,baseline,off,32,24.319,16.315,16.79,6.409,34029568,23905472,156155256,63080196,0,0,2953,0,0,163,154,0,23.198999999999998
wrapper_version,baseline,off,33,24.141,15.904,16.914,5.661,34897920,24773888,156356018,61715893,0,0,3019,0,0,142,154,0,22.575000000000003
wrapper_version,baseline,off,34,24.373,15.982,16.6,6.279,33341440,23217344,155719372,61752154,0,0,2916,0,0,149,154,0,22.879
wrapper_version,baseline,off,35,24.128,15.639,16.981,5.857,32227328,22103232,155471343,61517389,0,0,2844,0,0,151,154,0,22.838
wrapper_version,baseline,off,36,24.161,15.935,17.069,5.846,33226752,23119104,155489040,61880887,0,0,2906,0,0,144,154,0,22.915
wrapper_version,baseline,off,37,24.664,16.237,16.908,6.066,34570240,24511872,156251584,62246307,0,0,2993,0,0,146,154,0,22.974
wrapper_version,baseline,off,38,25.121,16.36,17.078,6.695,31670272,21546112,156404113,63547940,0,0,2810,0,0,133,154,0,23.773
wrapper_version,baseline,off,39,24.481,15.982,16.791,6.092,33685504,23544960,155976879,61892608,0,0,2936,0,0,136,154,0,22.883
wrapper_version,baseline,off,40,25.06,16.374,17.11,6.345,34193408,24085696,156105040,62358889,0,0,2964,0,0,154,154,0,23.455
wrapper_version,baseline,off,41,23.602,15.567,16.167,5.994,32899072,22758656,155025712,60394444,0,0,2886,0,0,127,154,0,22.161
wrapper_version,baseline,off,42,24.345,15.676,16.548,6.432,31490048,21333120,156210654,63378706,0,0,2801,0,0,146,154,0,22.979999999999997
wrapper_version,baseline,off,43,23.926,15.629,16.768,5.74,34144256,24085888,156076240,60852745,0,0,2963,0,0,131,154,0,22.508000000000003
wrapper_version,baseline,off,44,23.776,15.643,16.782,5.662,34308096,24216832,155998433,61235328,0,0,2975,0,0,133,154,0,22.444
wrapper_version,baseline,off,45,25.364,16.642,17.285,6.415,31686656,21513344,156241531,62923387,0,0,2812,0,0,139,154,0,23.7
wrapper_version,baseline,off,46,25.722,16.581,17.575,6.531,34291712,24167616,156108431,63577425,0,0,2986,0,0,151,154,0,24.105999999999998
wrapper_version,baseline,off,47,26.435,17.092,17.577,7.022,31866880,21726336,156265934,64898956,0,0,2825,0,0,135,154,0,24.599000000000004
wrapper_version,baseline,off,48,24.508,15.589,17.132,6.119,34521088,24380608,156076978,60881397,0,0,3013,0,0,137,154,0,23.251
wrapper_version,baseline,off,49,25.078,16.45,16.921,6.258,33800192,23676160,155714962,63161403,0,0,2942,0,0,121,154,0,23.179
wrapper_version,baseline,off,50,25.092,16.293,17.1,5.991,31408128,21267648,156113988,61893927,0,0,2796,0,0,121,154,0,23.091
wrapper_version,baseline,off,51,26.843,18.348,17.107,6.82,33243136,23119104,155743736,64072840,0,0,2907,0,0,137,154,0,23.927
wrapper_version,baseline,off,52,25.595,16.953,16.843,6.742,31506432,21349504,154590858,63212812,0,0,2804,0,0,129,154,0,23.585
wrapper_version,baseline,off,53,25.799,16.807,17.771,6.434,33898496,23807360,155442961,64663115,0,0,2945,0,0,133,154,0,24.205000000000002
wrapper_version,baseline,off,54,24.563,16.047,17.215,5.844,34717696,24577216,156197473,60875677,0,0,3017,0,0,128,154,0,23.059
wrapper_version,baseline,off,55,23.597,15.393,16.373,6.249,32030720,21906560,154640538,60700634,0,0,2836,0,0,135,154,0,22.622
wrapper_version,baseline,off,56,25.061,16.894,16.99,6.091,31784960,21627968,154868184,61332912,0,0,2830,0,0,131,154,0,23.081
wrapper_version,baseline,off,57,24.48,16.012,16.647,6.251,31621120,21480640,156135223,62525571,0,0,2809,0,0,131,154,0,22.898
wrapper_version,baseline,off,58,24.568,16.193,16.543,6.402,31244288,21103680,155954851,61882060,0,0,2786,0,0,121,154,0,22.945
wrapper_version,baseline,off,59,24.751,16.051,17.064,6.328,31621120,21529856,156009528,62419115,0,0,2808,0,0,130,154,0,23.392
wrapper_version,baseline,off,60,24.611,16.378,16.791,6.003,31686656,21513280,154673703,61125624,0,0,2812,0,0,136,154,0,22.794
wrapper_version,baseline,off,61,25.544,16.589,17.15,6.704,31883264,21759232,156240491,64905657,0,0,2825,0,0,136,154,0,23.854
wrapper_version,baseline,off,62,23.938,15.76,16.333,6.146,33865728,23725120,156217709,61769190,0,0,2947,0,0,137,154,0,22.479
wrapper_version,baseline,off,63,24.249,15.711,16.868,6.232,32374784,22250688,155126187,62556933,0,0,2856,0,0,136,154,0,23.099999999999998
wrapper_version,baseline,off,64,24.063,15.419,16.534,6.275,31997952,21906752,156491407,63106308,0,0,2832,0,0,134,154,0,22.808999999999997
wrapper_version,baseline,off,65,24.43,16.007,16.906,6.687,31457280,21283968,156375068,63442634,0,0,2795,0,0,153,154,0,23.593
wrapper_version,baseline,off,66,26.505,18.238,17.579,6.068,32538624,22464000,155181818,62914066,0,0,2879,0,0,140,154,0,23.647
wrapper_version,baseline,off,67,24.572,16.107,16.707,6.43,31768576,21628032,156067901,62119035,0,0,2816,0,0,129,154,0,23.137
wrapper_version,baseline,off,68,25.361,16.597,17.198,6.686,31866880,21709888,156187970,64848486,0,0,2820,0,0,132,154,0,23.884
wrapper_version,baseline,off,69,24.248,15.87,16.572,6.172,31604736,21497152,156225919,62505967,0,0,2807,0,0,128,154,0,22.744
wrapper_version,baseline,off,70,24.564,16.497,16.705,6.215,33144832,23004352,155875999,62545281,0,0,2901,0,0,142,154,0,22.919999999999998
wrapper_version,baseline,off,71,24.948,16.354,17.341,6.329,33046528,22906048,154930738,61813351,0,0,2900,0,0,143,154,0,23.67
wrapper_version,baseline,off,72,25.458,16.454,17.361,6.667,31539200,21415040,156055397,63237293,0,0,2806,0,0,134,154,0,24.028
wrapper_version,baseline,off,73,25.574,16.593,17.537,6.227,32571392,22430912,154634717,63906277,0,0,2866,0,0,130,154,0,23.764
wrapper_version,baseline,off,74,24.917,15.729,16.8,6.481,31981568,21857472,156522175,63238244,0,0,2831,0,0,139,154,0,23.281
wrapper_version,baseline,off,75,25.436,16.747,17.552,6.235,34488320,24397056,156282875,63675462,0,0,2983,0,0,139,154,0,23.787
wrapper_version,baseline,off,76,24.112,16.073,17.0,5.748,32194560,22070464,155004788,59955468,0,0,2842,0,0,137,154,0,22.748
wrapper_version,baseline,off,77,24.303,15.766,16.512,6.172,31817728,21677184,156387347,62743395,0,0,2819,0,0,137,154,0,22.684
wrapper_version,baseline,off,78,25.02,16.387,17.214,6.308,32604160,22496512,154855981,61354379,0,0,2870,0,0,136,154,0,23.522
wrapper_version,baseline,off,79,24.752,16.415,17.098,6.234,32522240,22414592,155489959,63167233,0,0,2863,0,0,146,154,0,23.332
wrapper_version,baseline,off,80,24.476,16.085,16.91,6.089,34258944,24134912,156310294,61866430,0,0,2970,0,0,146,154,0,22.999000000000002
wrapper_version,baseline,off,81,24.168,16.177,16.745,5.857,32784384,22660352,155354946,61528807,0,0,2882,0,0,133,154,0,22.602
wrapper_version,baseline,off,82,36.665,16.814,17.202,7.071,33964032,23823488,156080257,63671883,0,0,2952,0,0,147,154,0,24.273000000000003
wrapper_version,baseline,off,83,24.626,16.178,17.088,6.082,34439168,24331520,156276055,61600527,0,0,2980,0,0,138,154,0,23.17
wrapper_version,baseline,off,84,24.533,16.311,16.771,6.073,33390592,23233600,155532238,60561331,0,0,2918,0,0,138,154,0,22.844
wrapper_version,baseline,off,85,25.008,16.659,17.086,6.792,34701312,24692288,156104304,63197346,0,0,3009,0,0,167,154,0,23.878
wrapper_version,baseline,off,86,25.128,16.084,17.249,6.241,31506432,21382400,156329085,62123771,0,0,2803,0,0,141,154,0,23.49
wrapper_version,baseline,off,87,23.858,16.185,16.669,5.817,31981568,21841088,155270782,61756023,0,0,2831,0,0,147,154,0,22.486
wrapper_version,baseline,off,88,25.186,15.875,17.317,6.613,31703040,21579008,156433735,62388267,0,0,2814,0,0,146,154,0,23.93
wrapper_version,baseline,off,89,26.571,17.526,17.659,7.273,34422784,24364480,156416477,67207587,0,0,2979,0,0,145,154,0,24.932
wrapper_version,baseline,off,90,26.243,17.469,17.689,6.625,34832384,24790464,156778250,65588872,0,0,3028,0,0,166,154,0,24.314
wrapper_version,baseline,off,91,24.172,16.241,16.382,6.057,34865152,24757440,156368644,61698539,0,0,3004,0,0,139,154,0,22.439
wrapper_version,baseline,off,92,24.05,15.836,16.382,6.41,32440320,22316288,156677799,62498016,0,0,2862,0,0,138,154,0,22.792
wrapper_version,baseline,off,93,24.373,15.996,16.429,6.48,31358976,21218368,155975044,61890184,0,0,2793,0,0,134,154,0,22.909
wrapper_version,baseline,off,94,23.763,15.086,16.427,6.019,32161792,22054144,156309206,62085844,0,0,2841,0,0,129,154,0,22.445999999999998
wrapper_version,baseline,off,95,26.853,16.102,17.021,6.316,32473088,22349056,156506407,62663555,0,0,2877,0,0,135,154,0,23.337
wrapper_version,baseline,off,96,24.598,16.419,17.217,6.234,32260096,22136064,154537791,63029945,0,0,2848,0,0,137,154,0,23.451
wrapper_version,baseline,off,97,26.366,17.227,17.674,6.413,35061760,25019968,156324878,63945249,0,0,3020,0,0,141,154,0,24.087
wrapper_version,baseline,off,98,23.728,15.949,16.54,5.792,33259520,23119040,155363210,61236216,0,0,2910,0,0,129,154,0,22.332
wrapper_version,baseline,off,99,23.265,15.354,16.143,5.999,31997952,21873856,156397562,62202685,0,0,2832,0,0,140,154,0,22.142
wrapper_version,baseline,local,0,27.179,17.731,19.192,7.085,35553280,24986816,176785332,71133526,0,8192,3057,0,0,162,154,0,26.277
wrapper_version,baseline,local,1,27.141,18.489,18.152,6.781,34242560,23643392,175722278,69143851,0,8192,2976,0,0,157,154,0,24.933
wrapper_version,baseline,local,2,27.688,18.552,19.072,7.121,34095104,23479488,175482132,70657519,4096,8192,2970,0,1,160,154,0,26.192999999999998
wrapper_version,baseline,local,3,28.012,18.85,18.962,6.721,35586048,25003264,176249867,71144834,0,8192,3056,0,0,152,154,0,25.683
wrapper_version,baseline,local,4,26.48,17.868,18.175,7.183,33914880,23348416,176896546,69905536,0,8192,2954,0,0,152,154,0,25.358
wrapper_version,baseline,local,5,26.719,17.314,18.872,6.851,34324480,23692352,175709021,71180754,0,8192,2978,0,0,155,154,0,25.723
wrapper_version,baseline,local,6,25.757,17.143,17.774,6.603,34226176,23626944,176333845,68685960,0,8192,2974,0,0,159,154,0,24.377000000000002
wrapper_version,baseline,local,7,26.791,17.618,18.896,6.705,33669120,23036992,176839955,70510451,0,8192,2937,0,0,149,154,0,25.601
wrapper_version,baseline,local,8,25.452,16.751,18.143,6.239,34029568,23446912,175110832,66557746,0,8192,2958,0,0,146,154,0,24.382
wrapper_version,baseline,local,9,26.729,17.826,18.781,6.965,35962880,25445824,176475954,70542159,0,8192,3081,0,0,165,154,0,25.746
wrapper_version,baseline,local,10,26.24,17.846,18.371,6.721,35454976,24839360,176377525,68110615,0,8192,3047,0,0,157,154,0,25.092
wrapper_version,baseline,local,11,27.401,18.474,18.698,7.186,34930688,24331520,175968575,70184822,4096,8192,3029,0,1,159,154,0,25.884
wrapper_version,baseline,local,12,26.97,17.35,18.68,6.912,34308096,23692544,175734545,70607375,0,8192,2976,0,0,163,154,0,25.592
wrapper_version,baseline,local,13,26.848,17.251,18.68,6.775,33996800,23397568,175784197,70009211,0,8192,2958,0,0,165,154,0,25.455
wrapper_version,baseline,local,14,26.844,18.282,18.271,6.702,35733504,25117824,176763831,70546289,0,8192,3063,0,0,154,154,0,24.973
wrapper_version,baseline,local,15,25.628,16.663,18.329,6.224,34029568,23413888,175633279,66906450,0,8192,2960,0,0,164,154,0,24.553
wrapper_version,baseline,local,16,26.289,16.921,18.55,6.75,34177024,23561408,176256248,69870169,0,8192,2972,0,0,167,154,0,25.3
wrapper_version,baseline,local,17,25.871,17.308,18.197,6.482,34029568,23397504,175530736,66947085,0,8192,2960,0,0,156,154,0,24.679
wrapper_version,baseline,local,18,26.434,17.421,18.463,6.509,34209792,23577792,175710969,69979613,0,8192,2970,0,0,159,154,0,24.972
wrapper_version,baseline,local,19,45.364,36.742,18.332,6.592,34291712,23692480,176201674,69360268,0,8192,2985,0,0,184,154,0,24.924
wrapper_version,baseline,local,20,25.039,16.57,17.782,6.126,34144256,23594368,175949708,66755306,0,8192,2969,0,0,151,154,0,23.908
wrapper_version,baseline,local,21,26.864,17.005,18.942,7.063,34078720,23479616,177390918,71914539,0,8192,2963,0,0,168,154,0,26.005
wrapper_version,baseline,local,22,27.434,18.253,19.398,6.615,35586048,24986816,176692525,71773468,0,8192,3057,0,0,163,154,0,26.012999999999998
wrapper_version,baseline,local,23,28.102,18.887,19.107,7.211,35733504,25117888,176617880,70680038,0,8192,3078,0,0,152,154,0,26.317999999999998
wrapper_version,baseline,local,24,25.963,16.952,18.474,6.631,34177024,23627136,175454334,68219458,0,8192,2990,0,0,155,154,0,25.105
wrapper_version,baseline,local,25,26.589,17.621,18.753,6.246,35143680,24544512,176230359,69579724,0,8192,3027,0,0,167,154,0,24.999000000000002
wrapper_version,baseline,local,26,26.116,17.308,18.523,6.615,34308096,23725312,175494502,68556347,0,8192,2996,0,0,156,154,0,25.137999999999998
wrapper_version,baseline,local,27,26.81,17.831,18.701,6.89,33931264,23282816,175311462,69047421,0,8192,2966,0,0,165,154,0,25.591
wrapper_version,baseline,local,28,27.547,18.067,19.046,7.208,34062336,23496000,176938070,72702587,0,8192,2962,0,0,169,154,0,26.253999999999998
wrapper_version,baseline,local,29,26.603,17.972,18.537,6.752,34062336,23496000,175646316,70147552,0,8192,2962,0,0,157,154,0,25.288999999999998
wrapper_version,baseline,local,30,26.996,18.257,19.203,6.863,34504704,23872768,175527892,70677975,0,8192,2991,0,0,166,154,0,26.066
wrapper_version,baseline,local,31,26.088,17.629,18.395,6.563,34193408,23561344,175886909,68539678,0,8192,2971,0,0,166,154,0,24.958
wrapper_version,baseline,local,32,26.101,16.787,18.39,6.581,34816000,24249664,176516284,69798492,0,8192,3008,0,0,165,154,0,24.971
wrapper_version,baseline,local,33,26.255,17.464,18.443,6.819,34029568,23413888,175924607,70646399,0,8192,2962,0,0,167,154,0,25.262
wrapper_version,baseline,local,34,28.068,18.385,19.381,7.402,36339712,25740608,177462289,72685256,0,8192,3110,0,0,163,154,0,26.783
wrapper_version,baseline,local,35,26.846,17.498,18.551,7.55,34045952,23397504,177836096,72637417,0,8192,2960,0,0,169,154,0,26.101
wrapper_version,baseline,local,36,26.966,18.164,18.345,7.085,34799616,24200512,176087549,69322609,0,8192,3005,0,0,163,154,0,25.43
wrapper_version,baseline,local,37,25.848,17.398,18.204,6.632,34095104,23446720,175940152,68629566,0,8192,2962,0,0,163,154,0,24.836
wrapper_version,baseline,local,38,25.982,17.158,18.395,6.617,34062336,23463104,175618375,67976308,0,8192,2961,0,0,154,154,0,25.012
wrapper_version,baseline,local,39,26.445,17.329,18.168,7.116,33554432,22955136,177562798,70370722,0,8192,2931,0,0,173,154,0,25.284
wrapper_version,baseline,local,40,26.362,17.424,18.205,7.232,33685504,23036992,177160947,71016963,0,8192,2939,0,0,156,154,0,25.436999999999998
wrapper_version,baseline,local,41,26.823,17.926,17.936,7.724,33751040,23151808,177507763,71808510,0,8192,2943,0,0,155,154,0,25.66
wrapper_version,baseline,local,42,25.689,17.142,18.318,6.632,35536896,24937664,176647075,67946653,0,8192,3052,0,0,158,154,0,24.950000000000003
wrapper_version,baseline,local,43,26.389,17.381,18.327,6.902,35815424,25183296,176834277,68975657,0,8192,3069,0,0,160,154,0,25.229000000000003
wrapper_version,baseline,local,44,26.489,17.805,18.181,7.041,33488896,22856768,177104922,68844923,0,8192,2926,0,0,151,154,0,25.222
wrapper_version,baseline,local,45,25.816,17.178,18.242,6.893,33882112,23233664,175998706,68321095,0,8192,2949,0,0,167,154,0,25.135
wrapper_version,baseline,local,46,26.292,17.145,18.667,6.58,34832384,24266048,176101464,70303475,0,8192,3009,0,0,152,154,0,25.247
wrapper_version,baseline,local,47,26.319,17.203,18.088,6.913,33587200,22938688,177065723,70416458,0,8192,2933,0,0,151,154,0,25.001
wrapper_version,baseline,local,48,25.562,17.163,17.827,6.631,34930688,24298688,175768161,67488325,0,8192,3013,0,0,153,154,0,24.458000000000002
wrapper_version,baseline,local,49,26.608,18.471,17.954,6.532,36683776,26084544,176733884,68214599,0,8192,3121,0,0,140,154,0,24.486
wrapper_version,baseline,local,50,33.897,24.863,18.643,6.65,34291712,23708928,176307374,67819199,0,8192,2977,0,0,173,154,0,25.293
wrapper_version,baseline,local,51,25.214,16.656,17.861,6.579,34586624,24053184,176226268,68293230,0,8192,2995,0,0,151,154,0,24.44
wrapper_version,baseline,local,52,26.545,17.945,18.047,6.82,33800192,23168128,175587449,68796509,0,8192,2946,0,0,152,154,0,24.867
wrapper_version,baseline,local,53,26.295,17.374,18.284,7.086,34095104,23479616,175809869,68936968,0,8192,2963,0,0,163,154,0,25.369999999999997
wrapper_version,baseline,local,54,26.625,17.909,18.561,6.893,33685504,23053504,176964520,68468397,0,8192,2939,0,0,153,154,0,25.454
wrapper_version,baseline,local,55,26.309,17.854,18.301,6.698,35733504,25117824,176869284,68237054,0,8192,3064,0,0,154,154,0,24.999
wrapper_version,baseline,local,56,26.258,17.458,18.237,6.75,33783808,23151744,175661883,68557644,0,8192,2945,0,0,157,154,0,24.987
wrapper_version,baseline,local,57,26.646,18.041,18.31,6.874,33882112,23299264,175728771,68259332,0,8192,2952,0,0,156,154,0,25.183999999999997
wrapper_version,baseline,local,58,27.047,17.795,19.162,7.071,34111488,23512256,177078518,71577016,0,8192,2967,0,0,162,154,0,26.232999999999997
wrapper_version,baseline,local,59,25.768,16.981,18.267,6.498,36569088,25937024,177176427,66990860,0,8192,3115,0,0,156,154,0,24.765
wrapper_version,baseline,local,60,25.535,16.674,18.151,6.89,35045376,24446144,176306342,66886720,0,8192,3023,0,0,157,154,0,25.041
wrapper_version,baseline,local,61,27.863,18.415,18.872,8.006,33619968,23053568,177198170,71368902,0,8192,2935,0,0,164,154,0,26.878
wrapper_version,baseline,local,62,26.475,17.213,18.644,6.766,33767424,23135424,175700942,68472225,0,8192,2943,0,0,155,154,0,25.409999999999997
wrapper_version,baseline,local,63,27.675,17.925,18.804,6.67,36192256,25625856,176535508,69540571,0,8192,3094,0,0,142,154,0,25.473999999999997
wrapper_version,baseline,local,64,51.37,42.383,18.282,7.55,33964032,23315648,177033174,71730857,0,8192,2954,0,0,153,154,0,25.832
wrapper_version,baseline,local,65,27.425,18.869,18.456,7.398,33832960,23184512,175820360,69309960,0,8192,2947,0,0,150,154,0,25.854
wrapper_version,baseline,local,66,55.189,41.943,18.965,7.388,35766272,25199936,177087385,72108717,0,8192,3067,0,0,171,154,0,26.353
wrapper_version,baseline,local,67,27.883,17.987,19.132,7.261,34570240,23921792,177477156,70150452,0,8192,2992,0,0,164,154,0,26.393
wrapper_version,baseline,local,68,39.349,17.38,18.406,7.255,33898496,23332096,175821387,68939703,0,8192,2979,0,0,169,154,0,25.660999999999998
wrapper_version,baseline,local,69,25.979,17.16,18.314,6.584,33947648,23332032,175745314,69783776,0,8192,2955,0,0,154,154,0,24.898
wrapper_version,baseline,local,70,26.897,17.807,18.781,7.195,36061184,25478400,176648362,70766484,0,8192,3084,0,0,158,154,0,25.976
wrapper_version,baseline,local,71,27.116,18.028,18.744,6.992,33882112,23299264,177182609,70108472,0,8192,2952,0,0,163,154,0,25.736
wrapper_version,baseline,local,72,28.761,19.589,18.927,6.904,33898496,23282880,175611724,68583788,0,8192,2953,0,0,157,154,0,25.831
wrapper_version,baseline,local,73,26.544,17.217,18.33,6.937,34258944,23676160,176625963,69485223,0,8192,2976,0,0,156,154,0,25.267
wrapper_version,baseline,local,74,26.826,17.225,18.704,7.135,36372480,25855488,176539784,70567375,0,8192,3103,0,0,170,154,0,25.839
wrapper_version,baseline,local,75,27.759,18.337,19.752,7.003,34504704,23889088,175948328,71364264,0,8192,2991,0,0,166,154,0,26.755
wrapper_version,baseline,local,76,27.029,17.96,18.628,7.081,34193408,23627008,176120907,71832187,0,8192,2972,0,0,163,154,0,25.709
wrapper_version,baseline,local,77,31.124,21.588,19.836,7.228,34111488,23495872,175777020,72855364,0,8192,2968,0,0,171,154,0,27.064
wrapper_version,baseline,local,78,27.003,18.137,18.612,7.377,34226176,23627008,175969818,69796757,0,8192,2972,0,0,167,154,0,25.988999999999997
wrapper_version,baseline,local,79,25.463,16.423,18.188,6.426,34160640,23561408,175851834,67581825,0,8192,2968,0,0,159,154,0,24.613999999999997
wrapper_version,baseline,local,80,25.516,16.559,18.027,6.432,34373632,23757952,176001117,66971201,0,8192,2981,0,0,153,154,0,24.459000000000003
wrapper_version,baseline,local,81,27.56,18.885,19.026,6.922,37027840,26428736,177342784,70978239,0,8192,3141,0,0,163,154,0,25.948
wrapper_version,baseline,local,82,26.232,17.881,18.522,6.64,34406400,23905856,175995387,70720301,0,8192,2984,0,0,174,154,0,25.162
wrapper_version,baseline,local,83,26.572,17.608,18.448,6.773,35471360,24839424,176162265,67955153,4096,8192,3046,0,1,155,154,0,25.221
wrapper_version,baseline,local,84,27.41,18.13,18.81,6.845,33898496,23250112,175815885,68844001,0,8192,2974,0,0,171,154,0,25.654999999999998
wrapper_version,baseline,local,85,27.5,18.354,19.516,6.819,36798464,26166528,176989692,71848738,0,8192,3135,0,0,163,154,0,26.334999999999997
wrapper_version,baseline,local,86,26.707,17.942,18.71,6.99,34062336,23495936,175826505,72013065,0,8192,2964,0,0,152,154,0,25.700000000000003
wrapper_version,baseline,local,87,25.388,16.89,18.351,6.256,34177024,23577856,175955856,68012135,0,8192,2968,0,0,164,154,0,24.607
wrapper_version,baseline,local,88,26.804,17.984,18.865,6.582,34357248,23725312,176013825,70610849,0,8192,2978,0,0,155,154,0,25.447
wrapper_version,baseline,local,89,29.085,20.049,19.062,6.891,36945920,26445312,177197486,70847464,0,8192,3138,0,0,169,154,0,25.953000000000003
wrapper_version,baseline,local,90,28.158,18.352,19.2,7.533,34160640,23545024,175975277,73278581,0,8192,2967,0,0,166,154,0,26.733
wrapper_version,baseline,local,91,27.412,17.809,18.326,6.485,34439168,23807104,175901911,68433090,0,8192,2985,0,0,163,154,0,24.811
wrapper_version,baseline,local,92,25.731,17.24,18.274,6.377,33947648,23332032,175210543,67945535,8192,8192,2953,0,2,152,154,0,24.651
wrapper_version,baseline,local,93,25.765,16.641,17.929,6.915,33734656,23151936,177076204,69526462,0,8192,2942,0,0,147,154,0,24.843999999999998
wrapper_version,baseline,local,94,26.458,18.345,18.324,6.92,36012032,25380096,176740809,69068729,0,8192,3079,0,0,157,154,0,25.244
wrapper_version,baseline,local,95,26.553,17.63,18.734,6.768,36274176,25675008,176888312,70418663,0,8192,3096,0,0,160,154,0,25.502000000000002
wrapper_version,baseline,local,96,27.184,18.324,18.782,6.847,34586624,24036736,175868679,71103670,0,8192,2997,0,0,151,154,0,25.629
wrapper_version,baseline,local,97,25.102,16.739,17.791,6.403,34177024,23544896,175681008,67713290,0,8192,2969,0,0,151,154,0,24.194
wrapper_version,baseline,local,98,25.898,17.496,18.275,6.498,33816576,23184576,175509091,67298518,0,8192,2946,0,0,152,154,0,24.773
wrapper_version,baseline,local,99,25.45,17.163,18.177,6.234,33849344,23233728,175683283,67556893,0,8192,2949,0,0,157,154,0,24.411
wrapper_version,pruned,off,0,18.439,10.43,9.265,5.626,17252352,9749760,64446640,32144691,0,0,1933,0,0,161,154,0,14.891000000000002
wrapper_version,pruned,off,1,12.595,7.287,7.597,4.011,14696448,7128064,63492609,25992373,0,0,1774,0,0,134,154,0,11.608
wrapper_version,pruned,off,2,13.921,8.244,7.98,4.322,15040512,7472064,63586677,27997737,0,0,1794,0,0,132,154,0,12.302
wrapper_version,pruned,off,3,19.72,13.712,8.0,4.474,14827520,7308480,63634501,27536847,0,0,1779,0,0,140,154,0,12.474
wrapper_version,pruned,off,4,13.545,8.112,7.565,4.259,14581760,6996992,63316350,26829361,0,0,1767,0,0,125,154,0,11.824000000000002
wrapper_version,pruned,off,5,14.041,7.981,8.072,4.813,15007744,7455808,63692986,28638347,0,0,1792,0,0,132,154,0,12.884999999999998
wrapper_version,pruned,off,6,13.618,7.993,7.815,4.586,14843904,7292032,63637592,28208542,0,0,1783,0,0,139,154,0,12.401
wrapper_version,pruned,off,7,13.531,8.054,7.961,4.274,14598144,7046208,63466998,27088978,0,0,1769,0,0,131,154,0,12.235
wrapper_version,pruned,off,8,14.057,8.2,7.965,4.739,15122432,7586944,63972329,28586827,0,0,1800,0,0,154,154,0,12.704
wrapper_version,pruned,off,9,12.699,7.188,7.411,4.36,14811136,7292032,63904019,27306100,0,0,1782,0,0,151,154,0,11.771
wrapper_version,pruned,off,10,13.024,7.352,7.663,4.361,14860288,7308352,63622254,26594847,0,0,1783,0,0,133,154,0,12.024000000000001
wrapper_version,pruned,off,11,12.682,7.457,7.492,3.941,14598144,7046144,63420862,26032027,0,0,1769,0,0,131,154,0,11.433
wrapper_version,pruned,off,12,14.018,8.18,8.013,4.849,15073280,7521344,63755144,29346061,0,0,1800,0,0,140,154,0,12.862
wrapper_version,pruned,off,13,14.543,8.538,8.236,4.75,14942208,7406656,64057289,29189854,0,0,1790,0,0,131,154,0,12.986
wrapper_version,pruned,off,14,15.184,9.236,8.308,4.964,15466496,7898112,64076997,29986449,0,0,1823,0,0,136,154,0,13.272
wrapper_version,pruned,off,15,13.714,8.128,8.005,4.123,15089664,7521216,64022610,27366789,0,0,1799,0,0,134,154,0,12.128
wrapper_version,pruned,off,16,13.394,7.785,7.912,4.16,15040512,7488576,63752621,28004382,0,0,1797,0,0,136,154,0,12.072
wrapper_version,pruned,off,17,13.608,7.954,7.985,4.229,14712832,7160896,63590514,27923374,0,0,1774,0,0,137,154,0,12.214
wrapper_version,pruned,off,18,12.844,7.444,7.816,4.161,14974976,7406592,63609981,27127394,0,0,1792,0,0,129,154,0,11.977
wrapper_version,pruned,off,19,14.102,8.315,8.166,4.456,15335424,7783424,63888624,28464455,0,0,1814,0,0,137,154,0,12.622
wrapper_version,pruned,off,20,13.064,7.436,7.802,4.279,15122432,7603328,63721994,27188228,0,0,1802,0,0,137,154,0,12.081
wrapper_version,pruned,off,21,14.915,8.516,8.502,5.252,15319040,7816384,63871521,31565844,0,0,1812,0,0,141,154,0,13.754000000000001
wrapper_version,pruned,off,22,12.812,7.176,7.77,3.923,14827520,7275520,63634524,25953743,0,0,1782,0,0,142,154,0,11.693
wrapper_version,pruned,off,23,13.827,8.112,7.935,4.286,14680064,7095296,63606774,27177521,0,0,1777,0,0,141,154,0,12.221
wrapper_version,pruned,off,24,13.952,7.99,8.254,4.415,15122432,7570496,63676468,27470400,0,0,1814,0,0,125,154,0,12.669
wrapper_version,pruned,off,25,13.283,7.636,7.76,4.066,14958592,7472384,63510953,26552916,0,0,1793,0,0,126,154,0,11.826
wrapper_version,pruned,off,26,13.234,7.441,7.663,4.447,15237120,7701568,63916377,27825165,0,0,1808,0,0,152,154,0,12.11
wrapper_version,pruned,off,27,13.745,7.598,8.045,4.851,15024128,7472192,63729167,29110348,0,0,1796,0,0,141,154,0,12.896
wrapper_version,pruned,off,28,14.669,8.242,8.245,4.733,15286272,7734336,63860997,28999033,0,0,1811,0,0,140,154,0,12.977999999999998
wrapper_version,pruned,off,29,13.865,7.787,7.967,4.721,14893056,7324672,63572756,28300923,0,0,1798,0,0,135,154,0,12.687999999999999
wrapper_version,pruned,off,30,13.733,8.17,8.034,4.3,14778368,7209984,63658688,27915864,0,0,1780,0,0,137,154,0,12.334
wrapper_version,pruned,off,31,33.301,8.214,8.142,5.05,14794752,7226368,63688330,28700725,0,0,1794,0,0,140,154,0,13.192
wrapper_version,pruned,off,32,13.33,7.691,7.792,4.205,14696448,7128064,63469053,26697070,0,0,1792,0,0,136,154,0,11.997
wrapper_version,pruned,off,33,13.66,7.767,7.985,4.357,16236544,8733952,64432927,27656230,0,0,1885,0,0,144,154,0,12.342
wrapper_version,pruned,off,34,13.561,7.985,7.756,4.246,14630912,7062528,63524697,27306889,0,0,1770,0,0,134,154,0,12.002
wrapper_version,pruned,off,35,14.347,8.294,8.243,4.744,14893056,7373952,63823228,29742394,0,0,1785,0,0,154,154,0,12.987
wrapper_version,pruned,off,36,14.1,8.136,7.967,4.624,15155200,7603264,63929373,28395264,0,0,1826,0,0,142,154,0,12.591
wrapper_version,pruned,off,37,12.703,7.296,7.713,3.958,14712832,7144448,63437409,26274552,0,0,1775,0,0,129,154,0,11.671
wrapper_version,pruned,off,38,13.21,7.674,7.797,4.602,14745600,7160832,63772552,27482414,0,0,1774,0,0,150,154,0,12.399000000000001
wrapper_version,pruned,off,39,13.006,7.505,7.57,4.2,14712832,7160896,63535065,26779810,0,0,1775,0,0,128,154,0,11.77
wrapper_version,pruned,off,40,15.121,8.599,8.413,5.242,14663680,7128192,63509443,30959407,0,0,1775,0,0,138,154,0,13.655000000000001
wrapper_version,pruned,off,41,14.65,9.028,7.876,4.592,15024128,7488576,63709123,28012275,0,0,1796,0,0,131,154,0,12.468
wrapper_version,pruned,off,42,14.013,7.888,8.101,4.688,15089664,7537664,63861306,28622147,0,0,1798,0,0,137,154,0,12.789000000000001
wrapper_version,pruned,off,43,13.474,7.86,7.868,4.338,14548992,6980608,63447043,27368124,0,0,1767,0,0,129,154,0,12.206
wrapper_version,pruned,off,44,13.358,7.803,7.666,4.436,14811136,7275712,63625603,27703489,0,0,1781,0,0,134,154,0,12.102
wrapper_version,pruned,off,45,13.76,7.895,7.952,4.519,15073280,7554240,63509649,27579587,0,0,1798,0,0,123,154,0,12.471
wrapper_version,pruned,off,46,14.676,8.284,8.383,4.849,15548416,8012928,63872501,28996784,0,0,1828,0,0,136,154,0,13.232
wrapper_version,pruned,off,47,14.245,8.265,8.091,4.595,15122432,7636224,63822169,28289865,0,0,1800,0,0,135,154,0,12.686
wrapper_version,pruned,off,48,13.876,7.906,7.976,4.37,15106048,7570560,63882196,27331248,0,0,1801,0,0,133,154,0,12.346
wrapper_version,pruned,off,49,14.29,8.197,8.222,4.532,15695872,8193216,64109869,28441327,0,0,1836,0,0,137,154,0,12.754
wrapper_version,pruned,off,50,14.835,9.018,7.987,4.357,14909440,7357440,63404536,27638804,0,0,1785,0,0,122,154,0,12.344000000000001
wrapper_version,pruned,off,51,14.466,8.713,8.067,4.84,14647296,7078912,63912477,29654524,0,0,1772,0,0,125,154,0,12.907
wrapper_version,pruned,off,52,13.555,7.96,7.997,4.414,14811136,7275584,63679429,27425072,0,0,1782,0,0,131,154,0,12.411
wrapper_version,pruned,off,53,13.536,7.434,8.037,4.12,15761408,8225856,63872029,26406918,0,0,1844,0,0,116,154,0,12.157
wrapper_version,pruned,off,54,40.205,34.595,7.907,4.502,14598144,7029760,63405251,28129909,0,0,1784,0,0,130,154,0,12.408999999999999
wrapper_version,pruned,off,55,13.664,8.165,8.021,4.359,14811136,7308480,63523595,27581000,0,0,1782,0,0,129,154,0,12.38
wrapper_version,pruned,off,56,13.597,7.768,7.957,4.298,14663680,7095296,63427382,27246354,0,0,1774,0,0,129,154,0,12.254999999999999
wrapper_version,pruned,off,57,13.38,7.523,7.95,4.35,14696448,7128064,63625509,26780575,0,0,1775,0,0,134,154,0,12.3
wrapper_version,pruned,off,58,13.134,7.344,7.777,4.432,15187968,7668928,63670637,27557516,0,0,1804,0,0,131,154,0,12.209
wrapper_version,pruned,off,59,13.334,7.764,7.763,4.49,15532032,7996480,64154309,26809109,0,0,1826,0,0,139,154,0,12.253
wrapper_version,pruned,off,60,12.81,7.403,7.56,4.034,14876672,7357568,63726477,26637899,0,0,1787,0,0,138,154,0,11.594
wrapper_version,pruned,off,61,15.924,9.912,8.332,5.536,14827520,7275520,63658487,32352824,0,0,1778,0,0,131,154,0,13.868
wrapper_version,pruned,off,62,13.327,7.861,7.585,4.498,14745600,7193600,63905462,27741848,0,0,1777,0,0,131,154,0,12.083
wrapper_version,pruned,off,63,13.927,8.239,8.026,4.565,14827520,7291968,63633379,28831455,0,0,1782,0,0,134,154,0,12.591000000000001
wrapper_version,pruned,off,64,15.281,9.369,7.812,4.597,14761984,7210048,63593938,27939486,0,0,1776,0,0,130,154,0,12.409
wrapper_version,pruned,off,65,12.919,7.538,7.768,3.908,14565376,6996928,63351306,25486073,0,0,1767,0,0,116,154,0,11.676
wrapper_version,pruned,off,66,15.298,9.173,8.412,4.986,15024128,7505024,63705201,30374480,0,0,1794,0,0,139,154,0,13.398
wrapper_version,pruned,off,67,14.979,9.394,7.919,4.618,14712832,7160832,63706761,28940334,0,0,1778,0,0,138,154,0,12.536999999999999
wrapper_version,pruned,off,68,13.496,8.185,7.531,4.158,14729216,7177280,63480213,26809155,0,0,1776,0,0,122,154,0,11.689
wrapper_version,pruned,off,69,14.009,8.187,7.978,4.644,14942208,7390272,63693544,28302195,0,0,1788,0,0,137,154,0,12.622
wrapper_version,pruned,off,70,13.953,7.987,8.044,4.825,15040512,7488576,63700267,28378288,0,0,1796,0,0,134,154,0,12.869
wrapper_version,pruned,off,71,13.521,7.657,7.847,4.204,15400960,7865408,63898450,26959042,0,0,1818,0,0,141,154,0,12.051
wrapper_version,pruned,off,72,14.732,8.706,8.38,4.907,16056320,8520832,64446074,30465412,0,0,1863,0,0,152,154,0,13.287
wrapper_version,pruned,off,73,13.752,8.047,8.013,4.601,14630912,7062528,63635508,28281261,0,0,1770,0,0,136,154,0,12.614
wrapper_version,pruned,off,74,14.342,8.447,8.279,4.662,14876672,7324672,63807057,28934133,0,0,1785,0,0,148,154,0,12.940999999999999
wrapper_version,pruned,off,75,19.522,13.756,8.102,4.61,15138816,7570368,63802043,28697004,0,0,1818,0,0,143,154,0,12.712
wrapper_version,pruned,off,76,13.462,7.629,8.337,4.044,14942208,7406656,63519402,27485850,0,0,1790,0,0,128,154,0,12.381
wrapper_version,pruned,off,77,14.004,8.371,8.2,4.496,15007744,7521536,63755594,29064200,0,0,1792,0,0,135,154,0,12.696
wrapper_version,pruned,off,78,13.686,7.956,8.038,4.311,14811136,7242752,63629600,27473846,0,0,1782,0,0,135,154,0,12.349
wrapper_version,pruned,off,79,14.445,8.5,7.993,4.778,14745600,7210048,63678313,28323287,0,0,1779,0,0,134,154,0,12.771
wrapper_version,pruned,off,80,16.042,9.441,8.525,5.73,16646144,9176448,65105140,31798591,0,0,1893,0,0,180,154,0,14.255
wrapper_version,pruned,off,81,12.783,7.021,7.776,4.214,14909440,7341056,63786067,27097752,0,0,1788,0,0,142,154,0,11.99
wrapper_version,pruned,off,82,13.628,8.17,7.837,4.704,14843904,7291968,63635462,29256477,0,0,1783,0,0,138,154,0,12.541
wrapper_version,pruned,off,83,15.236,8.173,8.286,4.624,16171008,8684800,64374990,28367069,0,0,1867,0,0,150,154,0,12.91
wrapper_version,pruned,off,84,13.65,7.939,7.927,4.606,14761984,7177152,63803882,28418252,0,0,1779,0,0,145,154,0,12.533
wrapper_version,pruned,off,85,13.675,7.63,8.074,4.41,14811136,7275584,63764695,27741220,0,0,1782,0,0,149,154,0,12.484
wrapper_version,pruned,off,86,13.943,8.007,8.124,4.492,14860288,7324736,63640020,27931486,0,0,1785,0,0,134,154,0,12.616
wrapper_version,pruned,off,87,14.609,8.551,8.324,4.834,14974976,7472320,63821550,29188894,0,0,1793,0,0,128,154,0,13.158
wrapper_version,pruned,off,88,14.539,8.479,8.244,5.186,15597568,8094912,64310083,30555621,0,0,1826,0,0,146,154,0,13.43
wrapper_version,pruned,off,89,14.629,8.385,8.389,4.977,14761984,7193600,63815955,29936950,0,0,1778,0,0,156,154,0,13.366
wrapper_version,pruned,off,90,14.455,8.232,8.322,4.949,15810560,8307904,64237925,29871784,0,0,1843,0,0,133,154,0,13.270999999999999
wrapper_version,pruned,off,91,14.206,7.924,8.162,4.722,15073280,7521344,63825385,29398997,0,0,1799,0,0,143,154,0,12.884
wrapper_version,pruned,off,92,13.863,7.8,8.026,4.568,14729216,7160832,63537235,27961628,0,0,1777,0,0,136,154,0,12.594
wrapper_version,pruned,off,93,13.93,8.403,7.827,4.393,15089664,7521280,63651656,27873569,0,0,1798,0,0,130,154,0,12.219999999999999
wrapper_version,pruned,off,94,12.387,6.983,7.471,4.139,14663680,7111744,63519451,25954722,0,0,1773,0,0,132,154,0,11.61
wrapper_version,pruned,off,95,13.159,7.568,7.77,4.148,14893056,7341056,63637868,26855429,0,0,1789,0,0,134,154,0,11.918
wrapper_version,pruned,off,96,14.076,8.167,7.941,4.505,15089664,7570560,63932549,28039175,0,0,1796,0,0,131,154,0,12.446
wrapper_version,pruned,off,97,13.846,8.315,7.892,4.434,15040512,7488576,63682423,27942809,0,0,1792,0,0,133,154,0,12.326
wrapper_version,pruned,off,98,12.597,7.282,7.551,4.285,14680064,7095296,63561003,26565225,0,0,1772,0,0,147,154,0,11.836
wrapper_version,pruned,off,99,13.832,8.241,7.937,4.389,14893056,7341056,63510293,27879109,0,0,1785,0,0,127,154,0,12.326
wrapper_version,pruned,local,0,15.851,9.266,9.005,5.433,16072704,8062080,72151972,34429245,0,8192,1863,0,0,162,154,0,14.438
wrapper_version,pruned,local,1,14.629,8.513,8.467,4.994,15761408,7701568,72126395,31522333,0,8192,1842,0,0,161,154,0,13.461
wrapper_version,pruned,local,2,15.395,8.968,8.878,5.311,16072704,8045696,72171042,33146964,0,8192,1864,0,0,151,154,0,14.189
wrapper_version,pruned,local,3,34.017,8.628,8.796,5.472,15908864,7898112,72006001,32222339,0,8192,1868,0,0,161,154,0,14.268
wrapper_version,pruned,local,4,14.582,8.359,8.615,4.956,16105472,8062080,72201844,31174070,0,8192,1865,0,0,155,154,0,13.571000000000002
wrapper_version,pruned,local,5,14.425,8.375,8.488,4.883,15859712,7832768,72078405,30869346,0,8192,1850,0,0,152,154,0,13.370999999999999
wrapper_version,pruned,local,6,15.102,8.788,8.336,5.347,15548416,7537792,72131637,32368577,4096,8192,1832,0,1,160,154,0,13.683
wrapper_version,pruned,local,7,14.672,8.533,8.657,4.98,15663104,7586816,72044970,31291188,0,8192,1838,0,0,160,154,0,13.637
wrapper_version,pruned,local,8,14.11,8.321,8.258,4.747,15712256,7635968,71954374,30900960,0,8192,1841,0,0,157,154,0,13.004999999999999
wrapper_version,pruned,local,9,13.2,7.47,8.059,4.49,15810560,7799936,71985322,29205935,0,8192,1850,0,0,153,154,0,12.549
wrapper_version,pruned,local,10,13.659,7.927,8.225,4.517,15990784,8029376,72214377,29302682,0,8192,1879,0,0,155,154,0,12.742
wrapper_version,pruned,local,11,15.217,8.433,8.679,5.483,16269312,8258752,72094757,32716879,0,8192,1877,0,0,150,154,0,14.161999999999999
wrapper_version,pruned,local,12,14.997,8.632,8.712,5.268,16662528,8684800,72658322,33657076,0,8192,1899,0,0,161,154,0,13.98
wrapper_version,pruned,local,13,15.638,8.944,8.899,5.403,16007168,7930816,72235809,32785553,0,8192,1861,0,0,155,154,0,14.302
wrapper_version,pruned,local,14,14.687,8.475,8.564,5.14,15990784,7963776,72135111,31225123,0,8192,1859,0,0,152,154,0,13.704
wrapper_version,pruned,local,15,14.323,8.12,8.52,5.109,16416768,8422592,72436060,32095057,0,8192,1884,0,0,160,154,0,13.629
wrapper_version,pruned,local,16,15.761,9.371,8.726,5.543,17072128,9078080,72791570,34293302,0,8192,1922,0,0,175,154,0,14.269000000000002
wrapper_version,pruned,local,17,30.824,8.269,8.788,5.103,16121856,8094848,72387486,31526312,0,8192,1891,0,0,161,154,0,13.891
wrapper_version,pruned,local,18,13.848,7.702,8.337,4.537,16187392,8242432,72296087,29275159,0,8192,1873,0,0,160,154,0,12.873999999999999
wrapper_version,pruned,local,19,14.966,8.898,8.702,5.154,16187392,8193216,72392078,32566491,0,8192,1871,0,0,161,154,0,13.856
wrapper_version,pruned,local,20,15.138,8.756,8.541,5.481,15958016,7931008,72348573,32459633,0,8192,1856,0,0,163,154,0,14.022
wrapper_version,pruned,local,21,14.253,8.126,8.424,4.896,17055744,9077952,72972169,31154204,4096,8192,1925,0,1,162,154,0,13.32
wrapper_version,pruned,local,22,14.343,8.277,8.646,4.607,15990784,7996672,72105327,30696208,0,8192,1858,0,0,152,154,0,13.253
wrapper_version,pruned,local,23,14.764,8.532,8.733,5.221,16531456,8570112,72672577,32748470,0,8192,1905,0,0,176,154,0,13.954
wrapper_version,pruned,local,24,15.425,9.179,8.626,5.177,16400384,8373440,72339168,32590584,0,8192,1883,0,0,163,154,0,13.802999999999999
wrapper_version,pruned,local,25,15.395,9.222,8.837,5.202,16809984,8799424,72870530,33265056,0,8192,1908,0,0,156,154,0,14.039
wrapper_version,pruned,local,26,14.729,8.809,8.593,4.935,15826944,7816256,72197755,31901105,0,8192,1849,0,0,159,154,0,13.527999999999999
wrapper_version,pruned,local,27,15.053,8.685,8.506,5.026,16318464,8324160,72471957,31637110,0,8192,1880,0,0,167,154,0,13.532
wrapper_version,pruned,local,28,15.266,8.915,8.802,5.388,16089088,8078528,72200347,33573953,0,8192,1866,0,0,163,154,0,14.19
wrapper_version,pruned,local,29,15.159,9.036,8.658,5.174,16777216,8799616,72701289,33037666,0,8192,1904,0,0,163,154,0,13.832
wrapper_version,pruned,local,30,14.248,8.475,8.411,4.731,16089088,8127744,72332819,31175741,0,8192,1866,0,0,161,154,0,13.142
wrapper_version,pruned,local,31,14.689,8.588,8.41,4.761,16236544,8258816,72305596,30545772,0,8192,1875,0,0,160,154,0,13.171
wrapper_version,pruned,local,32,15.259,8.729,8.813,5.169,15925248,7881792,72248132,32564059,0,8192,1856,0,0,166,154,0,13.982
wrapper_version,pruned,local,33,15.463,9.113,8.936,5.47,16056320,8029248,72603127,33664383,0,8192,1861,0,0,172,154,0,14.405999999999999
wrapper_version,pruned,local,34,33.185,8.247,8.477,5.199,15925248,7914560,72759716,31543508,0,8192,1856,0,0,167,154,0,13.676
wrapper_version,pruned,local,35,15.501,8.545,8.87,5.306,16711680,8717568,72994811,33306179,0,8192,1902,0,0,184,154,0,14.175999999999998
wrapper_version,pruned,local,36,16.553,9.546,8.844,5.779,16613376,8586432,73021653,34346513,0,8192,1896,0,0,192,154,0,14.623
wrapper_version,pruned,local,37,15.263,9.076,8.637,5.78,17006592,9045312,72792559,34939416,0,8192,1920,0,0,178,154,0,14.417000000000002
wrapper_version,pruned,local,38,15.247,8.994,8.665,5.195,16596992,8619264,72695623,32449269,8192,8192,1896,0,2,160,154,0,13.86
wrapper_version,pruned,local,39,14.318,8.031,8.311,4.892,15679488,7635968,72257592,30806933,0,8192,1839,0,0,168,154,0,13.203
wrapper_version,pruned,local,40,14.347,8.372,8.455,4.758,15826944,7767040,72169277,30544706,0,8192,1847,0,0,158,154,0,13.213000000000001
wrapper_version,pruned,local,41,13.579,7.943,8.103,4.39,15761408,7701568,72139858,29658661,4096,8192,1844,0,1,161,154,0,12.492999999999999
wrapper_version,pruned,local,42,12.585,7.184,7.845,4.111,15613952,7603200,72023483,28116745,0,8192,1837,0,0,151,154,0,11.956
wrapper_version,pruned,local,43,14.046,7.888,8.517,4.693,16367616,8389824,72487543,30578357,0,8192,1882,0,0,150,154,0,13.209999999999999
wrapper_version,pruned,local,44,13.797,7.681,8.324,4.512,15826944,7849152,72211642,29519655,0,8192,1850,0,0,152,154,0,12.835999999999999
wrapper_version,pruned,local,45,13.207,7.42,8.115,4.404,15761408,7718016,72142802,29479394,0,8192,1843,0,0,158,154,0,12.519
wrapper_version,pruned,local,46,15.742,9.127,8.71,5.539,16187392,8160384,72374029,33134937,0,8192,1870,0,0,155,154,0,14.249
wrapper_version,pruned,local,47,19.585,13.011,8.885,5.837,16875520,8897728,72714224,34609036,0,8192,1914,0,0,155,154,0,14.722
wrapper_version,pruned,local,48,15.442,9.289,8.752,5.419,16826368,8897984,72733435,32427936,0,8192,1910,0,0,151,154,0,14.171
wrapper_version,pruned,local,49,14.839,8.478,8.716,5.256,15613952,7586816,72289719,32244556,0,8192,1835,0,0,159,154,0,13.972
wrapper_version,pruned,local,50,13.529,7.904,7.901,4.741,15400960,7373824,72548331,29830556,0,8192,1823,0,0,152,154,0,12.642
wrapper_version,pruned,local,51,12.878,7.422,7.787,4.335,15695872,7685184,72281644,28497357,0,8192,1842,0,0,160,154,0,12.122
wrapper_version,pruned,local,52,15.417,9.364,8.534,4.924,16203776,8226048,72148157,30625937,0,8192,1873,0,0,153,154,0,13.458000000000002
wrapper_version,pruned,local,53,14.339,8.424,8.419,4.756,15597568,7586880,72203485,29987961,0,8192,1836,0,0,161,154,0,13.175
wrapper_version,pruned,local,54,15.18,8.904,8.558,5.316,15810560,7767040,72152887,33160495,0,8192,1847,0,0,153,154,0,13.873999999999999
wrapper_version,pruned,local,55,15.136,8.858,8.413,5.206,15712256,7652288,72123273,31750505,0,8192,1841,0,0,152,154,0,13.619
wrapper_version,pruned,local,56,16.191,9.583,9.009,5.618,16449536,8504576,72811539,33948418,0,8192,1888,0,0,159,154,0,14.627
wrapper_version,pruned,local,57,14.585,8.578,8.297,5.004,15859712,7832576,72229210,30267873,0,8192,1851,0,0,148,154,0,13.301
wrapper_version,pruned,local,58,14.828,8.569,8.303,5.312,15941632,7963776,72327526,32066227,0,8192,1858,0,0,156,154,0,13.615000000000002
wrapper_version,pruned,local,59,13.682,7.808,8.259,4.831,15712256,7668864,72046229,29864647,0,8192,1852,0,0,146,154,0,13.09
wrapper_version,pruned,local,60,15.313,8.947,8.731,5.501,16334848,8340608,72558855,33087121,0,8192,1880,0,0,156,154,0,14.232
wrapper_version,pruned,local,61,14.834,8.388,8.642,5.289,15892480,7931136,72328987,32091870,0,8192,1854,0,0,154,154,0,13.931
wrapper_version,pruned,local,62,14.233,7.952,8.347,5.092,15908864,7914752,72315323,31242349,0,8192,1853,0,0,154,154,0,13.439
wrapper_version,pruned,local,63,14.291,8.433,8.178,4.819,15630336,7619712,72054267,30133920,0,8192,1837,0,0,150,154,0,12.997
wrapper_version,pruned,local,64,14.008,8.056,8.094,5.07,15794176,7717952,72133189,30422969,0,8192,1844,0,0,153,154,0,13.164
wrapper_version,pruned,local,65,14.772,8.449,8.593,5.429,16515072,8504448,72737027,31203676,0,8192,1889,0,0,160,154,0,14.022
wrapper_version,pruned,local,66,14.274,8.188,8.28,4.99,15843328,7816320,72172735,30830677,0,8192,1849,0,0,156,154,0,13.27
wrapper_version,pruned,local,67,14.747,8.343,8.508,5.364,16105472,8078464,72461560,32524860,0,8192,1865,0,0,166,154,0,13.872
wrapper_version,pruned,local,68,14.763,8.356,8.468,5.304,15974400,7980160,72249777,31553866,0,8192,1861,0,0,153,154,0,13.772
wrapper_version,pruned,local,69,14.046,8.154,8.073,5.04,16072704,8062144,72417339,31091241,0,8192,1863,0,0,163,154,0,13.113
wrapper_version,pruned,local,70,15.943,9.546,8.649,5.376,15941632,7930944,72208252,32526931,0,8192,1856,0,0,152,154,0,14.024999999999999
wrapper_version,pruned,local,71,14.991,8.644,8.777,5.096,15728640,7701504,72256039,31641749,0,8192,1843,0,0,161,154,0,13.873
wrapper_version,pruned,local,72,15.049,8.894,8.669,5.527,16482304,8504576,72598131,33573986,0,8192,1888,0,0,166,154,0,14.196000000000002
wrapper_version,pruned,local,73,14.052,8.205,8.34,4.932,16072704,8127744,72398004,31753853,0,8192,1866,0,0,159,154,0,13.272
wrapper_version,pruned,local,74,14.298,8.372,8.458,4.828,16760832,8733888,72915147,30464407,0,8192,1905,0,0,158,154,0,13.286000000000001
wrapper_version,pruned,local,75,14.59,8.441,8.549,4.907,16187392,8226112,72298802,31430607,0,8192,1874,0,0,164,154,0,13.456
wrapper_version,pruned,local,76,14.788,8.487,8.755,5.279,16384000,8422592,72613778,33157439,0,8192,1883,0,0,173,154,0,14.034
wrapper_version,pruned,local,77,15.313,9.066,8.57,5.338,16203776,8176768,72437293,32465354,0,8192,1869,0,0,162,154,0,13.908000000000001
wrapper_version,pruned,local,78,15.417,9.236,8.958,5.238,16236544,8275136,72388978,33390198,0,8192,1876,0,0,162,154,0,14.196000000000002
wrapper_version,pruned,local,79,14.553,8.653,8.432,5.126,15646720,7603136,72138195,31287313,0,8192,1838,0,0,155,154,0,13.558
wrapper_version,pruned,local,80,15.618,8.99,8.918,5.542,16547840,8537216,72702101,33163097,8192,8192,1892,0,2,165,154,0,14.459999999999999
wrapper_version,pruned,local,81,14.588,8.321,8.703,5.207,16400384,8439040,72569438,32226774,0,8192,1882,0,0,157,154,0,13.91
wrapper_version,pruned,local,82,14.968,8.743,8.585,5.297,16072704,8078528,72402944,32897233,0,8192,1864,0,0,163,154,0,13.882000000000001
wrapper_version,pruned,local,83,15.07,8.797,8.841,4.912,16072704,8094912,72214913,31664223,0,8192,1866,0,0,153,154,0,13.753
wrapper_version,pruned,local,84,14.686,8.102,8.848,5.215,16351232,8389888,72710456,32502724,0,8192,1896,0,0,175,154,0,14.063
wrapper_version,pruned,local,85,15.059,8.434,8.779,5.293,16039936,8029376,72417023,32349696,0,8192,1875,0,0,161,154,0,14.072
wrapper_version,pruned,local,86,15.073,8.834,8.558,5.552,16384000,8373376,72601413,34054324,0,8192,1882,0,0,171,154,0,14.11
wrapper_version,pruned,local,87,15.244,9.077,8.614,5.349,16449536,8471744,72560864,33093206,0,8192,1888,0,0,154,154,0,13.963000000000001
wrapper_version,pruned,local,88,14.27,8.503,8.346,4.661,15695872,7652416,72103618,30015253,0,8192,1840,0,0,151,154,0,13.007
wrapper_version,pruned,local,89,13.998,7.987,8.383,5.023,15695872,7652352,72174430,30656934,0,8192,1840,0,0,159,154,0,13.405999999999999
wrapper_version,pruned,local,90,14.874,8.943,8.828,5.002,16990208,8963200,72894763,32644723,0,8192,1921,0,0,163,154,0,13.829999999999998
wrapper_version,pruned,local,91,15.1,8.561,8.653,5.268,16039936,8045824,72645831,32457565,0,8192,1862,0,0,157,154,0,13.921
wrapper_version,pruned,local,92,16.108,9.826,9.02,5.896,16646144,8619072,72608660,35657441,0,8192,1901,0,0,156,154,0,14.916
wrapper_version,pruned,local,93,13.67,7.615,8.262,5.056,15728640,7718144,72080105,30714016,0,8192,1844,0,0,152,154,0,13.318000000000001
wrapper_version,pruned,local,94,13.699,8.278,8.133,4.554,15400960,7357440,71986123,30265310,4096,8192,1823,0,1,157,154,0,12.687
wrapper_version,pruned,local,95,15.198,9.147,8.673,5.114,16334848,8340672,72491113,32193634,0,8192,1887,0,0,151,154,0,13.786999999999999
wrapper_version,pruned,local,96,14.511,8.356,8.457,4.937,15859712,7816256,72210930,31050960,0,8192,1849,0,0,149,154,0,13.394000000000002
wrapper_version,pruned,local,97,12.467,6.981,7.841,4.119,15597568,7537664,71999600,27903803,0,8192,1847,0,0,154,154,0,11.96
wrapper_version,pruned,local,98,15.137,8.456,8.799,5.534,16089088,8029312,72412861,33527534,0,8192,1863,0,0,177,154,0,14.332999999999998
wrapper_version,pruned,local,99,13.248,7.63,8.01,4.425,15728640,7701568,72053502,29403814,0,8192,1843,0,0,148,154,0,12.434999999999999
wrapper_child,baseline,off,0,21.977,20.875,14.505,5.353,31604736,21759104,125738329,49793124,0,0,2816,0,2,88,2689,0,19.858
wrapper_child,baseline,off,1,20.772,19.847,14.241,4.436,31539200,21726400,125730642,49409072,0,0,2812,0,2,98,2689,0,18.677
wrapper_child,baseline,off,2,22.727,21.815,14.596,5.456,33439744,23627008,126961975,51850663,0,0,2927,0,2,95,2689,0,20.052
wrapper_child,baseline,off,3,21.592,20.691,14.588,4.798,31670272,21808256,125839987,49478538,0,0,2820,0,2,96,2689,0,19.386
wrapper_child,baseline,off,4,21.504,20.39,14.156,4.916,33423360,23594240,127085020,49850627,0,0,2926,0,1,91,2689,0,19.072000000000003
wrapper_child,baseline,off,5,22.425,21.381,14.934,5.531,31686656,21873856,125835279,50900190,0,0,2821,0,2,96,2689,0,20.465
wrapper_child,baseline,off,6,22.494,21.609,14.748,5.311,31064064,21218368,125537772,51079514,0,0,2782,0,3,96,2689,0,20.058999999999997
wrapper_child,baseline,off,7,21.691,20.67,14.467,5.268,31506432,21742976,125678760,49805482,0,0,2809,0,1,95,2689,0,19.735
wrapper_child,baseline,off,8,20.658,19.855,14.209,4.489,31113216,21283968,125461714,48265429,0,0,2785,0,2,93,2689,0,18.698
wrapper_child,baseline,off,9,22.609,21.629,14.728,5.103,34127872,24315072,127310109,51241991,0,0,2969,0,2,97,2689,0,19.831
wrapper_child,baseline,off,10,21.867,20.926,14.586,4.814,31916032,22070464,125780852,49842844,0,0,2834,0,1,96,2689,0,19.4
wrapper_child,baseline,off,11,22.789,21.682,14.806,5.536,31555584,21709952,125690195,52975742,0,0,2812,0,2,98,2689,0,20.342
wrapper_child,baseline,off,12,46.953,45.944,14.73,5.618,32161792,22365504,126191716,52465324,0,0,2849,0,1,116,2689,0,20.348
wrapper_child,baseline,off,13,22.04,20.928,14.411,4.763,31784960,21955776,125798338,49773715,0,0,2826,0,3,100,2689,0,19.174
wrapper_child,baseline,off,14,21.99,20.888,14.464,5.092,31604736,21792000,125875640,51019683,0,0,2815,0,3,100,2689,0,19.556
wrapper_child,baseline,off,15,21.489,20.448,14.467,4.93,34504704,24675520,127539197,51024712,0,0,2993,0,2,104,2689,0,19.397
wrapper_child,baseline,off,16,21.847,20.624,14.285,5.13,31719424,21923136,126027924,51403156,0,0,2825,0,1,102,2689,0,19.415
wrapper_child,baseline,off,17,21.17,20.18,14.536,4.656,31309824,21447808,125632307,49375372,0,0,2797,0,2,97,2689,0,19.192
wrapper_child,baseline,off,18,21.225,20.148,14.276,4.518,33046528,23217344,126800611,49315072,0,0,2903,0,1,97,2689,0,18.794
wrapper_child,baseline,off,19,22.68,21.599,14.765,5.923,32489472,22660288,126386536,52580708,0,0,2869,0,2,101,2689,0,20.688000000000002
wrapper_child,baseline,off,20,21.486,20.505,14.463,4.559,31227904,21365824,125627581,49035530,0,0,2801,0,3,102,2689,0,19.022
wrapper_child,baseline,off,21,23.714,22.585,15.114,5.449,34783232,24986944,127589393,52908680,0,0,3028,0,1,104,2689,0,20.563000000000002
wrapper_child,baseline,off,22,21.724,20.567,14.405,4.736,34013184,24216960,127300428,50194880,0,0,2962,0,2,104,2689,0,19.141
wrapper_child,baseline,off,23,21.545,20.494,14.421,4.772,31932416,22103232,126018954,49950467,0,0,2836,0,2,100,2689,0,19.192999999999998
wrapper_child,baseline,off,24,22.777,21.697,14.591,5.828,33882112,24036416,127213996,53715727,0,0,2954,0,2,104,2689,0,20.419
wrapper_child,baseline,off,25,22.567,21.498,14.664,5.177,33964032,24151296,127284752,52521241,0,0,2960,0,2,105,2689,0,19.841
wrapper_child,baseline,off,26,35.786,34.569,14.726,5.271,33898496,24069376,127219498,52180335,0,0,2955,0,1,107,2689,0,19.997
wrapper_child,baseline,off,27,23.0,22.149,14.848,5.525,33259520,23413888,126754064,52691692,0,0,2917,0,0,100,2689,0,20.373
wrapper_child,baseline,off,28,21.665,20.556,14.209,4.965,33308672,23479552,126982582,50381243,0,0,2919,0,1,105,2689,0,19.174
wrapper_child,baseline,off,29,20.967,19.928,14.191,4.625,32866304,23037120,126627109,49271271,0,0,2892,0,1,98,2689,0,18.816000000000003
wrapper_child,baseline,off,30,22.376,21.454,14.823,5.432,33521664,23692544,127134121,51984566,0,0,2932,0,1,102,2689,0,20.255000000000003
wrapper_child,baseline,off,31,21.273,20.112,14.202,4.893,32030720,22250880,126117819,50224370,0,0,2841,0,3,98,2689,0,19.095
wrapper_child,baseline,off,32,21.422,20.476,14.59,4.869,31997952,22185280,126192630,50517571,0,0,2853,0,1,103,2689,0,19.459
wrapper_child,baseline,off,33,21.692,20.725,14.61,5.031,31293440,21431424,126368555,49922060,0,0,2810,0,1,99,2689,0,19.641
wrapper_child,baseline,off,34,22.36,21.504,14.749,5.344,32620544,22774912,126698778,51753731,0,0,2894,0,0,107,2689,0,20.093
wrapper_child,baseline,off,35,22.751,21.649,14.937,5.384,34095104,24282432,127203391,51650876,0,0,2968,0,0,103,2689,0,20.320999999999998
wrapper_child,baseline,off,36,22.428,21.456,14.553,5.332,34226176,24446272,127705820,51194780,0,0,2976,0,2,106,2689,0,19.885
wrapper_child,baseline,off,37,22.426,21.476,14.573,4.807,31342592,21496960,125613650,49022233,0,0,2799,0,1,100,2689,0,19.380000000000003
wrapper_child,baseline,off,38,21.003,20.019,14.501,4.913,31899648,22119872,126043934,49469965,0,0,2834,0,2,102,2689,0,19.414
wrapper_child,baseline,off,39,21.765,20.844,14.505,5.135,33341440,23495872,126933479,51077915,0,0,2921,0,3,99,2689,0,19.64
wrapper_child,baseline,off,40,21.74,20.514,14.12,5.104,31571968,21742784,125753514,50518302,0,0,2813,0,1,98,2689,0,19.224
wrapper_child,baseline,off,41,22.099,21.108,14.846,5.36,33161216,23348544,126829170,50628065,0,0,2910,0,2,90,2689,0,20.206
wrapper_child,baseline,off,42,22.956,21.97,14.895,5.638,34275328,24561024,127328400,52442450,0,0,2978,0,2,97,2689,0,20.533
wrapper_child,baseline,off,43,20.457,19.664,13.93,4.695,31358976,21546240,125660526,48761060,0,0,2800,0,1,94,2689,0,18.625
wrapper_child,baseline,off,44,22.044,20.862,14.477,5.011,31621120,21808384,125751529,51087984,0,0,2816,0,1,96,2689,0,19.488
wrapper_child,baseline,off,45,20.887,20.053,14.408,4.571,31014912,21152832,125528514,47942959,0,0,2779,0,1,94,2689,0,18.979
wrapper_child,baseline,off,46,21.551,20.69,14.503,5.27,32849920,23004352,126739364,50323962,0,0,2891,0,1,98,2689,0,19.773
wrapper_child,baseline,off,47,21.236,20.119,14.134,4.736,31686656,21906816,125953021,49036738,0,0,2820,0,2,96,2689,0,18.87
wrapper_child,baseline,off,48,20.598,19.731,14.095,4.38,33144832,23332096,126792957,48056261,0,0,2909,0,0,95,2689,0,18.475
wrapper_child,baseline,off,49,22.59,21.485,14.745,5.447,34275328,24495424,127342883,51958169,0,0,2978,0,2,96,2689,0,20.192
wrapper_child,baseline,off,50,21.009,20.109,14.33,4.795,31522816,21693632,125796033,49591855,0,0,2810,0,1,97,2689,0,19.125
wrapper_child,baseline,off,51,23.632,22.445,14.85,6.169,31965184,22152448,126070829,53784082,0,0,2852,0,2,100,2689,0,21.019
wrapper_child,baseline,off,52,22.02,21.053,14.346,5.228,31211520,21382336,125649158,50150657,0,0,2792,0,3,93,2689,0,19.573999999999998
wrapper_child,baseline,off,53,25.299,24.082,15.586,6.198,31916032,22103232,126170165,53860262,0,0,2834,0,0,121,2689,0,21.784
wrapper_child,baseline,off,54,22.938,21.799,15.218,5.274,34390016,24643008,127433729,52226044,0,0,2988,0,2,103,2689,0,20.492
wrapper_child,baseline,off,55,21.629,20.691,14.377,5.42,31457280,21628096,125868865,50289008,0,0,2806,0,1,101,2689,0,19.797
wrapper_child,baseline,off,56,22.524,21.554,15.163,5.213,33439744,23676288,127255242,52206266,0,0,2927,0,1,97,2689,0,20.376
wrapper_child,baseline,off,57,21.988,21.046,14.647,5.092,34340864,24560960,127329539,51595222,0,0,2985,0,2,95,2689,0,19.739
wrapper_child,baseline,off,58,23.192,22.223,14.872,5.467,33144832,23315648,126901541,51853394,0,0,2909,0,3,95,2689,0,20.339
wrapper_child,baseline,off,59,21.097,20.229,14.381,4.756,31096832,21234816,125679069,49404987,0,0,2784,0,1,95,2689,0,19.137
wrapper_child,baseline,off,60,21.897,21.015,14.669,4.811,31227904,21349440,125683487,49021902,0,0,2792,0,0,94,2689,0,19.48
wrapper_child,baseline,off,61,21.519,20.609,14.515,5.057,31014912,21185664,125455377,50110350,0,0,2787,0,2,92,2689,0,19.572000000000003
wrapper_child,baseline,off,62,22.648,21.713,14.763,5.655,31997952,22168832,126009956,52658052,0,0,2839,0,3,99,2689,0,20.418
wrapper_child,baseline,off,63,22.948,21.788,15.411,5.331,33456128,23626944,126958945,52405020,0,0,2928,0,1,108,2689,0,20.742
wrapper_child,baseline,off,64,21.013,20.118,14.476,4.784,31637504,21841152,125742892,48792093,0,0,2817,0,2,93,2689,0,19.26
wrapper_child,baseline,off,65,21.084,20.225,14.06,5.175,31014912,21169344,125771966,49210877,0,0,2779,0,2,90,2689,0,19.235
wrapper_child,baseline,off,66,20.912,20.066,14.23,4.771,30883840,21038144,125531261,49481655,0,0,2771,0,3,88,2689,0,19.001
wrapper_child,baseline,off,67,21.469,20.621,14.472,4.944,33882112,24036544,127178685,49631339,0,0,2954,0,3,94,2689,0,19.416
wrapper_child,baseline,off,68,21.522,20.646,14.269,5.282,31178752,21300288,125821812,50962231,0,0,2789,0,2,91,2689,0,19.551000000000002
wrapper_child,baseline,off,69,20.392,19.516,14.27,4.544,31129600,21300352,125559635,48883078,0,0,2786,0,2,92,2689,0,18.814
wrapper_child,baseline,off,70,21.513,20.586,14.233,5.286,31752192,21906496,125895666,49576220,0,0,2824,0,3,94,2689,0,19.519
wrapper_child,baseline,off,71,46.619,45.683,14.492,5.472,34062336,24298880,127274518,52163601,0,0,2966,0,2,102,2689,0,19.964000000000002
wrapper_child,baseline,off,72,23.457,22.356,15.482,5.578,33636352,23889408,126874246,51987829,0,0,2941,0,0,98,2689,0,21.06
wrapper_child,baseline,off,73,23.27,22.085,14.741,5.245,33193984,23381312,127049916,52434713,0,0,2912,0,2,111,2689,0,19.986
wrapper_child,baseline,off,74,22.819,21.774,15.193,5.531,31178752,21333056,125789031,51673508,0,0,2802,0,2,100,2689,0,20.724
wrapper_child,baseline,off,75,41.465,40.244,15.109,5.362,32980992,23168256,126616618,50476859,0,0,2912,0,2,121,2689,0,20.471
wrapper_child,baseline,off,76,22.356,21.451,15.232,5.201,31244288,21415040,125637409,50825031,0,0,2794,0,2,99,2689,0,20.433
wrapper_child,baseline,off,77,21.614,20.639,14.783,4.975,31653888,21808256,125867876,50844823,0,0,2822,0,2,101,2689,0,19.758
wrapper_child,baseline,off,78,22.058,21.171,15.082,4.913,33701888,23872640,127204629,50448191,0,0,2943,0,1,100,2689,0,19.995
wrapper_child,baseline,off,79,21.439,20.317,14.351,5.014,31588352,21775616,126071659,50190763,0,0,2814,0,4,94,2689,0,19.365000000000002
wrapper_child,baseline,off,80,21.926,20.821,14.54,4.987,32686080,22939136,126715093,51332622,0,0,2881,0,1,112,2689,0,19.527
wrapper_child,baseline,off,81,23.473,22.391,15.256,5.543,33980416,24134848,127439106,51973408,0,0,2979,0,2,98,2689,0,20.799
wrapper_child,baseline,off,82,22.582,21.441,15.023,5.385,33095680,23332224,126754902,51159044,0,0,2918,0,2,100,2689,0,20.408
wrapper_child,baseline,off,83,22.153,21.08,14.683,5.009,33882112,24052928,127313907,51143460,0,0,2955,0,2,100,2689,0,19.692
wrapper_child,baseline,off,84,22.689,21.507,14.803,5.376,34144256,24315072,127517708,52753759,0,0,2970,0,1,117,2689,0,20.179000000000002
wrapper_child,baseline,off,85,21.291,20.266,14.378,4.589,31670272,21824640,125875592,48635779,0,0,2819,0,1,99,2689,0,18.967
wrapper_child,baseline,off,86,24.143,23.185,15.467,6.358,33505280,23643264,127824804,55945160,0,0,2932,0,1,105,2689,0,21.825
wrapper_child,baseline,off,87,21.779,20.679,14.533,5.052,31899648,22119808,126164799,50718873,0,0,2834,0,2,100,2689,0,19.585
wrapper_child,baseline,off,88,22.23,21.233,15.013,5.503,33832960,24020224,127151850,50266290,0,0,2956,0,1,101,2689,0,20.516
wrapper_child,baseline,off,89,21.855,20.964,14.809,5.121,31473664,21644544,125698172,50441978,0,0,2807,0,1,96,2689,0,19.93
wrapper_child,baseline,off,90,23.368,22.268,14.651,5.898,33112064,23282944,127063655,52853877,0,0,2927,0,1,100,2689,0,20.549
wrapper_child,baseline,off,91,24.841,23.606,14.659,6.278,33226752,23430464,126979784,53785405,0,0,2915,0,1,109,2689,0,20.937
wrapper_child,baseline,off,92,21.595,20.711,14.232,5.051,33128448,23282880,126818029,50331001,0,0,2909,0,1,97,2689,0,19.283
wrapper_child,baseline,off,93,20.635,19.793,14.239,4.678,30982144,21136448,125485091,49032596,0,0,2777,0,1,92,2689,0,18.917
wrapper_child,baseline,off,94,23.02,22.124,14.952,4.954,32538624,22692992,126477598,51580305,0,0,2872,0,1,95,2689,0,19.906
wrapper_child,baseline,off,95,22.726,21.386,14.84,5.644,34684928,24954368,127652902,53312078,0,0,3005,0,1,100,2689,0,20.484
wrapper_child,baseline,off,96,21.844,20.698,14.485,5.184,32342016,22529344,126119209,50692802,0,0,2860,0,1,104,2689,0,19.669
wrapper_child,baseline,off,97,21.91,20.805,14.648,5.071,31686656,21873920,125760594,49713779,0,0,2821,0,2,99,2689,0,19.719
wrapper_child,baseline,off,98,21.363,20.462,14.667,4.916,31604736,21759104,125711857,49833519,0,0,2815,0,2,101,2689,0,19.583
wrapper_child,baseline,off,99,21.493,20.631,14.312,5.148,31358976,21529856,125649059,49696145,0,0,2800,0,1,96,2689,0,19.46
wrapper_child,baseline,local,0,23.048,21.801,16.082,5.217,33669120,23282816,146301147,56259811,0,8192,2945,0,0,116,2689,0,21.299
wrapper_child,baseline,local,1,24.597,23.118,16.503,6.231,36700160,26412416,148201881,59086105,0,8192,3134,0,2,115,2689,0,22.734
wrapper_child,baseline,local,2,22.306,21.032,15.256,5.191,33357824,22955072,146138253,55024317,0,8192,2926,0,1,110,2689,0,20.447
wrapper_child,baseline,local,3,22.401,21.198,15.387,5.574,33374208,23004288,146176919,55254062,0,8192,2927,0,1,116,2689,0,20.961
wrapper_child,baseline,local,4,23.293,21.891,16.087,5.563,33570816,23266624,146312895,56903736,0,8192,2939,0,2,108,2689,0,21.65
wrapper_child,baseline,local,5,37.026,35.625,15.835,5.723,33308672,22938816,146144699,55595040,0,8192,2937,0,2,116,2689,0,21.558
wrapper_child,baseline,local,6,23.636,22.256,16.02,5.577,33390592,23004288,146302774,56493205,0,8192,2928,0,3,112,2689,0,21.597
wrapper_child,baseline,local,7,23.857,22.54,16.376,5.675,34177024,23807168,147083902,57730535,0,8192,2976,0,1,121,2689,0,22.051000000000002
wrapper_child,baseline,local,8,24.922,23.553,16.697,6.556,34881536,24593792,147053214,61640948,0,8192,3019,0,1,116,2689,0,23.253
wrapper_child,baseline,local,9,23.32,21.973,15.812,5.887,33996800,23659712,146390605,58118925,0,8192,2966,0,3,114,2689,0,21.698999999999998
wrapper_child,baseline,local,10,24.073,22.74,16.184,5.611,35176448,24822976,147438038,56951110,0,8192,3037,0,1,113,2689,0,21.795
wrapper_child,baseline,local,11,22.85,21.62,15.766,5.259,33357824,23004288,146217248,55708799,0,8192,2926,0,1,110,2689,0,21.025
wrapper_child,baseline,local,12,25.43,24.067,17.295,6.101,34865152,24610368,147422072,61368007,0,8192,3018,0,2,170,2689,0,23.396
wrapper_child,baseline,local,13,25.101,23.471,16.6,6.115,37568512,27264384,148880372,61146612,0,8192,3183,0,2,148,2689,0,22.715000000000003
wrapper_child,baseline,local,14,25.666,23.894,16.774,6.694,34062336,23725376,146602661,63185442,0,8192,2970,0,1,111,2689,0,23.468
wrapper_child,baseline,local,15,22.963,21.671,15.989,5.311,36519936,26182848,148053336,56335813,0,8192,3119,0,3,120,2689,0,21.3
wrapper_child,baseline,local,16,23.905,22.377,16.333,5.523,34029568,23692544,146575378,59108870,0,8192,2968,0,2,123,2689,0,21.855999999999998
wrapper_child,baseline,local,17,25.148,23.601,16.835,6.338,37044224,26756480,148279594,61990234,0,8192,3151,0,2,124,2689,0,23.173000000000002
wrapper_child,baseline,local,18,22.909,21.499,15.79,5.601,35127296,24806656,147408461,57460756,0,8192,3034,0,1,120,2689,0,21.391
wrapper_child,baseline,local,19,23.764,22.527,16.193,5.709,35307520,24954048,147437404,57775669,0,8192,3048,0,2,119,2689,0,21.902
wrapper_child,baseline,local,20,24.75,23.352,16.67,5.953,33456128,23086272,146459072,57833349,0,8192,2945,0,1,122,2689,0,22.623
wrapper_child,baseline,local,21,23.991,22.268,16.154,5.674,35766272,25478592,147637572,59241903,0,8192,3073,0,1,124,2689,0,21.828
wrapper_child,baseline,local,22,23.937,22.554,16.294,5.653,36847616,26543488,148256627,58555435,0,8192,3139,0,3,122,2689,0,21.947
wrapper_child,baseline,local,23,24.187,22.906,16.652,5.373,33652736,23282752,146348865,56743042,0,8192,2947,0,3,118,2689,0,22.025000000000002
wrapper_child,baseline,local,24,23.507,22.229,16.142,5.887,33456128,23086144,146343840,57017439,0,8192,2932,0,1,114,2689,0,22.029
wrapper_child,baseline,local,25,22.226,20.863,15.368,5.312,33767424,23397504,146446058,55045891,0,8192,2951,0,1,117,2689,0,20.68
wrapper_child,baseline,local,26,25.815,21.929,15.991,6.158,33996800,23659712,146625092,57526357,0,8192,2965,0,1,121,2689,0,22.149
wrapper_child,baseline,local,27,25.056,23.734,16.47,5.717,36159488,25822400,147915564,57964620,0,8192,3097,0,3,120,2689,0,22.186999999999998
wrapper_child,baseline,local,28,24.014,22.724,16.43,5.802,34373632,24036672,147230319,58665896,0,8192,2988,0,1,121,2689,0,22.232
wrapper_child,baseline,local,29,23.382,22.143,16.239,6.004,36061184,25724224,147946190,57704487,0,8192,3091,0,2,124,2689,0,22.243000000000002
wrapper_child,baseline,local,30,24.056,22.515,16.302,5.87,34471936,24134912,147091561,60129428,0,8192,2995,0,0,128,2689,0,22.172
wrapper_child,baseline,local,31,24.209,22.72,16.266,6.023,33996800,23643392,146813139,58843201,0,8192,2965,0,2,127,2689,0,22.288999999999998
wrapper_child,baseline,local,32,24.083,22.654,16.284,6.384,36306944,26019328,148209005,58719582,0,8192,3121,0,3,122,2689,0,22.668
wrapper_child,baseline,local,33,23.652,22.11,16.025,6.167,36438016,26150400,148120029,58111669,0,8192,3115,0,1,123,2689,0,22.192
wrapper_child,baseline,local,34,23.974,22.719,16.138,6.054,33259520,22856768,146694495,58322353,0,8192,2920,0,2,115,2689,0,22.192
wrapper_child,baseline,local,35,23.509,22.002,15.955,5.526,33456128,23069824,146553987,57202891,0,8192,2932,0,4,118,2689,0,21.481
wrapper_child,baseline,local,36,24.22,22.716,16.335,5.64,33882112,23528640,146953492,59273698,0,8192,2958,0,2,129,2689,0,21.975
wrapper_child,baseline,local,37,22.649,21.374,15.912,5.344,33423360,23053376,146555420,56044183,0,8192,2930,0,1,114,2689,0,21.256
wrapper_child,baseline,local,38,23.985,22.511,16.254,5.957,33931264,23594176,146747894,58945824,0,8192,2961,0,2,116,2689,0,22.211000000000002
wrapper_child,baseline,local,39,23.988,22.422,16.084,5.818,35340288,25019712,147506636,58380305,0,8192,3056,0,4,120,2689,0,21.902
wrapper_child,baseline,local,40,23.396,22.162,15.851,5.702,35225600,24937856,147475203,57557649,0,8192,3040,0,2,113,2689,0,21.553
wrapper_child,baseline,local,41,25.155,23.867,16.097,5.677,33849344,23495936,146505257,57139763,0,8192,2956,0,1,110,2689,0,21.774
wrapper_child,baseline,local,42,23.468,22.163,15.7,5.771,33734656,23381248,146437027,57574101,0,8192,2963,0,1,110,2689,0,21.471
wrapper_child,baseline,local,43,24.311,22.815,16.877,5.557,34177024,23840064,146553923,59601813,0,8192,2976,0,1,114,2689,0,22.433999999999997
wrapper_child,baseline,local,44,24.006,22.57,16.174,5.742,36700160,26346688,148143388,58770791,0,8192,3131,0,2,119,2689,0,21.916
wrapper_child,baseline,local,45,51.287,49.798,16.577,6.319,35291136,25003456,147744054,59806443,0,8192,3057,0,2,123,2689,0,22.896
wrapper_child,baseline,local,46,24.904,23.231,16.499,5.924,35782656,25445632,148014408,58938666,0,8192,3074,0,2,112,2689,0,22.423
wrapper_child,baseline,local,47,23.748,22.356,15.882,5.89,33505280,23151872,146397450,57931031,0,8192,2936,0,1,114,2689,0,21.772
wrapper_child,baseline,local,48,23.863,22.681,16.145,5.65,33308672,22922368,146327487,56897838,0,8192,2923,0,2,112,2689,0,21.795
wrapper_child,baseline,local,49,23.933,22.228,16.594,5.634,33931264,23610624,146475288,58708958,0,8192,2961,0,1,119,2689,0,22.228
wrapper_child,baseline,local,50,23.423,22.172,16.028,5.64,33603584,23250112,146441889,56486302,0,8192,2941,0,2,109,2689,0,21.668
wrapper_child,baseline,local,51,22.52,21.246,15.512,5.385,34488320,24118464,147358158,55417576,0,8192,2995,0,0,112,2689,0,20.897
wrapper_child,baseline,local,52,23.685,22.329,16.107,6.174,33898496,23577920,146537823,58059290,0,8192,2959,0,1,119,2689,0,22.281
wrapper_child,baseline,local,53,26.757,25.177,17.032,7.164,34045952,23676096,147039586,62426022,0,8192,2972,0,2,133,2689,0,24.195999999999998
wrapper_child,baseline,local,54,23.365,21.95,16.29,5.759,33226752,22873216,146349402,56510869,0,8192,2918,0,2,113,2689,0,22.049
wrapper_child,baseline,local,55,23.144,21.833,15.98,5.642,34930688,24593664,147228290,56918096,0,8192,3023,0,1,112,2689,0,21.622
wrapper_child,baseline,local,56,24.608,23.109,16.677,6.916,34439168,24118592,147047006,59974190,0,8192,2995,0,1,128,2689,0,23.593
wrapper_child,baseline,local,57,23.17,21.954,16.01,5.627,33619968,23233664,146571237,56544242,0,8192,2942,0,1,112,2689,0,21.637
wrapper_child,baseline,local,58,22.172,20.977,15.263,5.419,33406976,23036992,146469870,55530627,0,8192,2929,0,1,112,2689,0,20.682
wrapper_child,baseline,local,59,23.719,22.384,16.171,5.762,34045952,23676096,146521602,57648726,0,8192,2968,0,1,111,2689,0,21.933
wrapper_child,baseline,local,60,22.754,21.502,15.701,5.444,33439744,23053440,146556199,55808197,0,8192,2931,0,1,110,2689,0,21.145
wrapper_child,baseline,local,61,24.128,22.703,16.369,6.057,35766272,25429248,147668620,57786768,0,8192,3073,0,2,113,2689,0,22.426000000000002
wrapper_child,baseline,local,62,23.614,22.393,16.125,5.827,34226176,23872704,146956671,56999701,0,8192,2979,0,2,113,2689,0,21.951999999999998
wrapper_child,baseline,local,63,23.522,22.315,15.646,5.821,33177600,22774848,146462812,56925492,0,8192,2915,0,3,113,2689,0,21.467
wrapper_child,baseline,local,64,23.432,22.067,16.02,5.69,34471936,24151360,147253730,56875572,0,8192,2994,0,3,106,2689,0,21.71
wrapper_child,baseline,local,65,23.344,22.045,16.055,5.825,33488896,23118976,146286294,56978686,0,8192,2934,0,1,110,2689,0,21.88
wrapper_child,baseline,local,66,22.116,20.906,15.244,5.368,33275904,22922368,146233464,54467070,0,8192,2921,0,1,110,2689,0,20.612000000000002
wrapper_child,baseline,local,67,24.267,23.038,15.867,6.295,33603584,23250048,146649999,58117568,0,8192,2941,0,1,112,2689,0,22.162
wrapper_child,baseline,local,68,25.29,23.525,16.689,6.03,36126720,25822592,148131866,58504734,0,8192,3095,0,3,121,2689,0,22.719
wrapper_child,baseline,local,69,22.486,21.294,15.663,5.358,33193984,22791232,146389749,55687949,0,8192,2929,0,3,113,2689,0,21.021
wrapper_child,baseline,local,70,24.003,22.743,16.05,6.211,33587200,23217344,146474864,58078665,0,8192,2940,0,1,112,2689,0,22.261000000000003
wrapper_child,baseline,local,71,23.847,22.411,16.613,5.501,35340288,25019776,147288276,58919016,0,8192,3047,0,5,119,2689,0,22.114
wrapper_child,baseline,local,72,24.344,22.899,16.416,5.962,33718272,23331968,146613131,57889971,0,8192,2948,0,3,121,2689,0,22.378
wrapper_child,baseline,local,73,23.669,22.237,16.365,5.581,35569664,25216256,147564460,58093870,0,8192,3061,0,2,118,2689,0,21.945999999999998
wrapper_child,baseline,local,74,24.018,22.704,16.444,5.845,33636352,23299264,146720169,58045968,0,8192,2945,0,1,114,2689,0,22.288999999999998
wrapper_child,baseline,local,75,25.068,23.571,16.978,6.071,36618240,26330496,148219931,61034776,0,8192,3125,0,2,113,2689,0,23.049
wrapper_child,baseline,local,76,24.23,22.913,16.399,5.94,33275904,22889472,146510235,57717557,0,8192,2922,0,3,113,2689,0,22.339000000000002
wrapper_child,baseline,local,77,24.702,23.23,16.51,6.181,33701888,23331968,146749159,60678873,0,8192,2950,0,4,119,2689,0,22.691000000000003
wrapper_child,baseline,local,78,24.378,23.026,16.976,5.83,33734656,23397568,146804879,58064635,0,8192,2951,0,2,124,2689,0,22.805999999999997
wrapper_child,baseline,local,79,24.837,23.536,16.636,6.232,36208640,25871616,148009380,59112606,0,8192,3100,0,1,119,2689,0,22.868
wrapper_child,baseline,local,80,23.835,22.472,16.778,5.352,34127872,23790848,146835197,58744620,0,8192,2974,0,2,121,2689,0,22.13
wrapper_child,baseline,local,81,23.83,22.602,16.098,5.838,33718272,23364800,146425017,57480508,0,8192,2949,0,3,114,2689,0,21.936
wrapper_child,baseline,local,82,23.719,22.389,15.861,5.595,35864576,25527616,147994353,57538422,0,8192,3079,0,0,124,2689,0,21.456
wrapper_child,baseline,local,83,24.134,22.819,16.303,5.851,34324480,23987456,147517746,57945183,0,8192,2985,0,5,121,2689,0,22.154
wrapper_child,baseline,local,84,23.353,21.964,16.407,5.566,33341440,23004352,146502641,56559234,0,8192,2926,0,1,117,2689,0,21.973
wrapper_child,baseline,local,85,24.771,22.978,15.968,5.298,33898496,23545024,146674042,56584973,0,8192,2960,0,1,116,2689,0,21.266
wrapper_child,baseline,local,86,23.624,22.035,16.123,5.633,33456128,23135488,146664819,57278527,0,8192,2932,0,1,114,2689,0,21.756
wrapper_child,baseline,local,87,40.27,22.097,16.201,5.644,34390016,24053056,146906805,58697426,0,8192,2989,0,3,124,2689,0,21.845
wrapper_child,baseline,local,88,24.605,23.077,17.248,5.499,34127872,23790912,146573443,59286552,0,8192,2973,0,1,121,2689,0,22.747
wrapper_child,baseline,local,89,48.354,28.636,15.663,5.61,34062336,23725312,147443313,57133220,0,8192,2969,0,2,120,2689,0,21.273
wrapper_child,baseline,local,90,23.824,22.335,16.02,5.558,33996800,23643328,146600121,57370120,0,8192,2978,0,1,116,2689,0,21.578
wrapper_child,baseline,local,91,43.476,42.079,16.107,5.812,35962880,25625856,148083256,57966335,0,8192,3085,0,2,119,2689,0,21.919
wrapper_child,baseline,local,92,23.465,22.201,16.212,5.877,35553280,25216256,147810931,57615885,0,8192,3060,0,1,117,2689,0,22.089
wrapper_child,baseline,local,93,24.077,22.625,16.532,5.956,37076992,26772864,148437155,60212488,0,8192,3158,0,1,118,2689,0,22.488
wrapper_child,baseline,local,94,24.494,22.838,16.23,5.942,34193408,23856384,146622662,58774625,0,8192,2978,0,1,119,2689,0,22.172
wrapper_child,baseline,local,95,24.74,23.255,16.29,5.93,35323904,25019840,147621777,58642505,0,8192,3046,0,1,111,2689,0,22.22
wrapper_child,baseline,local,96,25.033,23.528,16.755,6.848,36651008,26346880,148176720,61385828,0,8192,3127,0,1,117,2689,0,23.602999999999998
wrapper_child,baseline,local,97,45.138,41.738,26.89,10.872,36782080,26494400,149547676,80541201,0,8192,3165,0,3,236,2689,0,37.762
wrapper_child,baseline,local,98,22.782,21.559,15.538,5.601,34750464,24396992,147316236,56089116,0,8192,3011,0,1,113,2689,0,21.139
wrapper_child,baseline,local,99,23.328,21.992,16.19,5.508,34062336,23741760,147015925,57011948,0,8192,2969,0,3,115,2689,0,21.698
wrapper_child,pruned,off,0,18.575,17.63,8.876,5.916,15220736,8045888,57602936,31069875,0,0,1815,0,3,192,2689,0,14.792
wrapper_child,pruned,off,1,13.574,12.819,7.407,4.161,14712832,7488640,56489842,23737281,0,0,1784,0,1,94,2689,0,11.568
wrapper_child,pruned,off,2,12.777,12.157,7.062,3.777,14434304,7193664,56394267,23575263,0,0,1767,0,1,96,2689,0,10.839
wrapper_child,pruned,off,3,12.957,12.339,7.019,3.435,14450688,7210048,56409636,21737014,0,0,1768,0,2,94,2689,0,10.454
wrapper_child,pruned,off,4,13.135,12.509,7.274,3.933,14417920,7160832,56795422,23754171,0,0,1766,0,1,93,2689,0,11.207
wrapper_child,pruned,off,5,13.207,12.535,7.391,3.7,14680064,7406592,56436755,22595393,0,0,1783,0,2,94,2689,0,11.091000000000001
wrapper_child,pruned,off,6,13.387,12.722,7.419,3.867,14663680,7439488,56627251,23057028,0,0,1781,0,2,93,2689,0,11.286
wrapper_child,pruned,off,7,12.487,11.647,7.299,3.72,14581760,7341120,56415511,22759965,0,0,1777,0,2,94,2689,0,11.019
wrapper_child,pruned,off,8,12.888,12.192,7.067,3.573,14188544,6915072,56287202,22526425,0,0,1752,0,1,95,2689,0,10.64
wrapper_child,pruned,off,9,13.426,12.75,7.368,3.83,14221312,6947840,56241200,23273208,0,0,1754,0,2,92,2689,0,11.198
wrapper_child,pruned,off,10,12.822,12.184,7.243,3.724,14614528,7390336,56463515,22959179,0,0,1778,0,1,92,2689,0,10.967
wrapper_child,pruned,off,11,13.119,12.48,7.276,3.504,14827520,7586880,56630967,22769371,0,0,1791,0,1,94,2689,0,10.78
wrapper_child,pruned,off,12,12.945,12.278,7.46,3.68,14368768,7095296,56388859,22863482,0,0,1763,0,2,95,2689,0,11.14
wrapper_child,pruned,off,13,14.063,13.349,7.854,4.174,14467072,7177152,56697421,24557514,0,0,1769,0,3,95,2689,0,12.028
wrapper_child,pruned,off,14,13.721,12.996,7.862,4.111,14598144,7357504,56526914,24496641,0,0,1787,0,2,99,2689,0,11.972999999999999
wrapper_child,pruned,off,15,13.201,12.527,7.544,3.685,14352384,7095296,56396393,23807264,0,0,1762,0,2,97,2689,0,11.229
wrapper_child,pruned,off,16,13.563,12.735,7.641,3.872,14909440,7635968,56630808,24511119,0,0,1798,0,3,102,2689,0,11.513
wrapper_child,pruned,off,17,13.41,12.641,7.491,4.075,14417920,7144448,56392286,25110669,0,0,1766,0,1,99,2689,0,11.565999999999999
wrapper_child,pruned,off,18,13.353,12.741,7.664,3.765,14467072,7242880,56397299,24026757,0,0,1769,0,2,96,2689,0,11.429
wrapper_child,pruned,off,19,14.068,13.177,7.687,4.05,14680064,7406592,56572678,25597970,0,0,1782,0,1,105,2689,0,11.737
wrapper_child,pruned,off,20,12.902,12.184,7.378,3.657,14811136,7603392,56520382,23615225,0,0,1792,0,1,96,2689,0,11.035
wrapper_child,pruned,off,21,13.542,12.649,7.589,3.87,14745600,7504960,56541828,24532542,0,0,1790,0,2,100,2689,0,11.459
wrapper_child,pruned,off,22,13.677,13.003,7.722,3.771,14172160,6898688,56252685,23762682,0,0,1754,0,2,97,2689,0,11.493
wrapper_child,pruned,off,23,12.908,12.182,7.38,3.665,14598144,7357568,56451547,22497868,0,0,1778,0,0,99,2689,0,11.045
wrapper_child,pruned,off,24,12.256,11.59,7.041,3.312,14303232,7029696,56327143,22152064,0,0,1759,0,1,95,2689,0,10.353
wrapper_child,pruned,off,25,12.812,12.045,7.342,3.781,14417920,7177344,56438498,23680648,0,0,1766,0,2,97,2689,0,11.123
wrapper_child,pruned,off,26,13.735,12.948,7.661,4.024,14909440,7635904,56634029,24897455,0,0,1797,0,3,98,2689,0,11.684999999999999
wrapper_child,pruned,off,27,12.354,11.515,7.264,3.492,14811136,7619840,56617936,22915287,0,0,1790,0,2,101,2689,0,10.756
wrapper_child,pruned,off,28,13.645,12.818,7.561,3.89,15417344,8209600,57201258,24341526,0,0,1830,0,1,100,2689,0,11.451
wrapper_child,pruned,off,29,12.808,11.99,7.339,3.441,14598144,7341120,56464670,22381620,0,0,1777,0,3,100,2689,0,10.780000000000001
wrapper_child,pruned,off,30,14.056,13.2,7.66,4.081,14942208,7734464,56527334,23354250,0,0,1812,0,2,121,2689,0,11.741
wrapper_child,pruned,off,31,13.573,12.916,7.348,3.999,14532608,7291968,56556378,24310328,0,0,1773,0,3,99,2689,0,11.347
wrapper_child,pruned,off,32,14.369,13.693,7.858,4.57,14467072,7226496,56545481,26916856,0,0,1769,0,2,107,2689,0,12.428
wrapper_child,pruned,off,33,32.708,32.008,7.574,4.514,15024128,7783488,56950124,26600894,0,0,1804,0,1,127,2689,0,12.088000000000001
wrapper_child,pruned,off,34,12.939,12.239,7.546,3.634,14548992,7291904,56468112,23204529,0,0,1788,0,0,101,2689,0,11.18
wrapper_child,pruned,off,35,13.813,12.97,7.62,3.918,14417920,7160832,56464779,24219619,0,0,1785,0,4,101,2689,0,11.538
wrapper_child,pruned,off,36,13.162,12.31,7.466,3.77,14434304,7193728,56448416,23253276,0,0,1767,0,1,98,2689,0,11.236
wrapper_child,pruned,off,37,13.474,12.585,7.362,3.969,15056896,7816256,56810796,24345733,0,0,1805,0,3,106,2689,0,11.331
wrapper_child,pruned,off,38,13.049,12.453,7.273,3.712,14778368,7570624,56690534,23338695,0,0,1789,0,2,101,2689,0,10.985
wrapper_child,pruned,off,39,12.706,12.009,7.435,3.747,14942208,7718080,56699257,23830889,0,0,1799,0,2,91,2689,0,11.181999999999999
wrapper_child,pruned,off,40,12.846,12.085,7.453,3.591,14434304,7177280,56368195,22448342,0,0,1768,0,1,92,2689,0,11.044
wrapper_child,pruned,off,41,13.819,13.162,7.239,4.321,14368768,7095232,56451872,24784314,0,0,1787,0,2,97,2689,0,11.559999999999999
wrapper_child,pruned,off,42,13.5,12.788,7.634,3.833,14237696,6997056,56202999,23557113,0,0,1755,0,1,88,2689,0,11.467
wrapper_child,pruned,off,43,12.985,12.304,7.36,3.785,14467072,7209984,56331045,23481559,0,0,1769,0,0,91,2689,0,11.145
wrapper_child,pruned,off,44,11.516,10.922,6.889,3.239,14270464,6996992,56260904,21110801,0,0,1757,0,2,93,2689,0,10.128
wrapper_child,pruned,off,45,12.905,12.208,7.369,3.634,14401536,7128064,56351390,22706294,0,0,1765,0,2,93,2689,0,11.003
wrapper_child,pruned,off,46,14.371,13.759,7.216,3.716,14565376,7308288,56399803,22468112,0,0,1775,0,1,94,2689,0,10.932
wrapper_child,pruned,off,47,13.128,12.454,7.379,3.893,14516224,7275584,56541779,23611215,0,0,1772,0,1,95,2689,0,11.271999999999998
wrapper_child,pruned,off,48,13.639,12.694,7.428,3.809,14434304,7160832,56437261,23008297,0,0,1767,0,2,92,2689,0,11.237
wrapper_child,pruned,off,49,13.255,12.558,7.212,3.739,14286848,7029760,56287785,23366169,0,0,1758,0,3,93,2689,0,10.951
wrapper_child,pruned,off,50,12.848,12.05,7.214,3.716,14303232,7029760,56393154,21925912,0,0,1759,0,1,93,2689,0,10.93
wrapper_child,pruned,off,51,12.537,11.901,7.22,3.63,14499840,7259200,56454088,22440558,0,0,1771,0,1,92,2689,0,10.85
wrapper_child,pruned,off,52,13.421,12.637,7.513,4.263,14172160,6931520,56259377,23442789,0,0,1765,0,1,92,2689,0,11.776
wrapper_child,pruned,off,53,17.652,16.968,7.532,3.955,14286848,7046208,56455123,23329007,0,0,1758,0,1,97,2689,0,11.487
wrapper_child,pruned,off,54,13.74,13.05,7.592,4.166,14286848,7013312,56383637,23814677,0,0,1760,0,3,98,2689,0,11.758
wrapper_child,pruned,off,55,12.261,11.668,6.894,3.546,14270464,7029824,56330538,22471718,0,0,1757,0,1,93,2689,0,10.44
wrapper_child,pruned,off,56,13.58,12.689,7.427,3.833,14450688,7193664,56405854,24093392,0,0,1768,0,2,94,2689,0,11.26
wrapper_child,pruned,off,57,13.388,12.502,7.308,3.822,14303232,7046144,56317162,23934253,0,0,1759,0,2,97,2689,0,11.129999999999999
wrapper_child,pruned,off,58,13.264,12.609,7.322,3.855,14581760,7357568,56613916,23609544,0,0,1789,0,0,97,2689,0,11.177
wrapper_child,pruned,off,59,13.794,13.05,7.489,4.145,15155200,7898112,56880561,24334812,0,0,1814,0,1,100,2689,0,11.634
wrapper_child,pruned,off,60,13.783,13.075,7.273,3.515,14467072,7242880,56359449,22376968,0,0,1784,0,1,95,2689,0,10.788
wrapper_child,pruned,off,61,12.385,11.746,7.161,3.67,15466496,8275200,56983937,22649685,0,0,1830,0,2,96,2689,0,10.831
wrapper_child,pruned,off,62,13.437,12.802,6.986,3.715,14368768,7078848,56358906,22646012,0,0,1763,0,1,90,2689,0,10.701
wrapper_child,pruned,off,63,13.656,12.819,7.554,4.192,14909440,7685248,56587932,24358804,0,0,1810,0,1,95,2689,0,11.746
wrapper_child,pruned,off,64,13.362,12.462,7.362,3.943,14761984,7537792,56511116,22925803,0,0,1787,0,0,97,2689,0,11.305
wrapper_child,pruned,off,65,13.68,12.905,7.572,4.159,15237120,8012992,56799213,23542284,0,0,1816,0,1,95,2689,0,11.731
wrapper_child,pruned,off,66,13.309,12.582,7.469,3.697,14385152,7128064,56348842,23054500,0,0,1772,0,1,95,2689,0,11.166
wrapper_child,pruned,off,67,12.391,11.795,7.073,3.653,14237696,6997056,56365363,22505203,0,0,1755,0,1,97,2689,0,10.726
wrapper_child,pruned,off,68,13.87,13.007,7.46,4.298,14647296,7357376,56624378,24792726,0,0,1780,0,1,103,2689,0,11.758
wrapper_child,pruned,off,69,12.899,12.259,7.256,4.059,14680064,7439424,56571333,23697778,0,0,1782,0,1,94,2689,0,11.315000000000001
wrapper_child,pruned,off,70,14.02,13.379,7.536,4.171,14368768,7095296,56482834,24649728,0,0,1763,0,1,96,2689,0,11.707
wrapper_child,pruned,off,71,13.364,12.511,7.343,3.897,14729216,7505024,56648001,24190558,0,0,1785,0,1,104,2689,0,11.24
wrapper_child,pruned,off,72,13.566,12.928,7.664,3.798,14467072,7193536,56393299,23754881,0,0,1769,0,2,93,2689,0,11.462
wrapper_child,pruned,off,73,13.495,12.825,7.591,3.555,14401536,7128000,56376792,22854838,0,0,1767,0,2,95,2689,0,11.146
wrapper_child,pruned,off,74,13.315,12.559,7.559,4.104,14729216,7472192,56599173,23120579,0,0,1785,0,0,97,2689,0,11.663
wrapper_child,pruned,off,75,13.167,12.494,7.576,3.715,14417920,7160832,56376724,23219385,0,0,1787,0,1,100,2689,0,11.291
wrapper_child,pruned,off,76,13.327,12.698,7.652,3.869,14434304,7160832,56475553,24111048,0,0,1770,0,2,100,2689,0,11.521
wrapper_child,pruned,off,77,13.39,12.531,7.508,3.924,15613952,8422656,57049767,23154009,0,0,1860,0,3,95,2689,0,11.432
wrapper_child,pruned,off,78,12.897,12.103,7.324,3.699,14893056,7652416,56598076,23592227,0,0,1798,0,1,100,2689,0,11.023
wrapper_child,pruned,off,79,13.349,12.644,7.564,4.005,14811136,7537664,56659861,24450369,0,0,1791,0,0,99,2689,0,11.568999999999999
wrapper_child,pruned,off,80,14.41,13.622,7.674,4.339,15155200,7914560,57159682,25797836,0,0,1812,0,2,110,2689,0,12.013000000000002
wrapper_child,pruned,off,81,13.352,12.745,7.482,3.887,14483456,7242816,56395401,23733851,0,0,1770,0,0,95,2689,0,11.369
wrapper_child,pruned,off,82,12.85,12.199,7.369,3.571,14893056,7652416,56669845,22977824,0,0,1796,0,3,98,2689,0,10.94
wrapper_child,pruned,off,83,13.216,12.557,7.449,3.707,14467072,7209984,56449607,23226874,0,0,1769,0,1,97,2689,0,11.155999999999999
wrapper_child,pruned,off,84,13.45,12.586,7.563,3.907,14663680,7406592,56499871,23653781,0,0,1781,0,0,101,2689,0,11.469999999999999
wrapper_child,pruned,off,85,12.885,12.059,7.335,3.729,14843904,7603328,56581404,23099001,0,0,1792,0,2,94,2689,0,11.064
wrapper_child,pruned,off,86,13.86,13.02,7.605,4.332,14614528,7373888,56722070,25689785,0,0,1780,0,2,99,2689,0,11.937000000000001
wrapper_child,pruned,off,87,12.673,11.783,7.119,3.843,14794752,7570560,56644059,23491449,0,0,1789,0,1,99,2689,0,10.962
wrapper_child,pruned,off,88,13.13,12.391,7.499,3.816,15335424,8127680,56998926,23646548,0,0,1822,0,0,99,2689,0,11.315
wrapper_child,pruned,off,89,12.605,11.926,7.335,3.776,14696448,7455808,56514327,23239820,0,0,1783,0,1,97,2689,0,11.111
wrapper_child,pruned,off,90,12.78,12.155,7.243,3.846,15204352,7980160,56901805,23573173,0,0,1814,0,3,98,2689,0,11.089
wrapper_child,pruned,off,91,13.701,13.0,7.233,3.623,14254080,6996992,56311820,23355597,0,0,1757,0,1,94,2689,0,10.856
wrapper_child,pruned,off,92,13.742,12.908,7.518,4.033,14630912,7373888,56496387,24154133,0,0,1780,0,3,101,2689,0,11.551
wrapper_child,pruned,off,93,12.716,12.057,7.136,3.825,14942208,7734528,56669804,23149840,0,0,1798,0,1,93,2689,0,10.961
wrapper_child,pruned,off,94,13.716,12.949,7.451,4.245,14581760,7324736,56444321,23672491,0,0,1778,0,1,97,2689,0,11.696
wrapper_child,pruned,off,95,13.239,12.598,7.399,3.815,14352384,7111808,56366928,23900715,0,0,1762,0,2,97,2689,0,11.214
wrapper_child,pruned,off,96,13.539,12.934,7.188,3.574,14221312,6947840,56087640,22647568,0,0,1754,0,0,90,2689,0,10.762
wrapper_child,pruned,off,97,12.026,11.342,7.02,3.739,14532608,7308480,56439879,22530933,0,0,1773,0,2,98,2689,0,10.759
wrapper_child,pruned,off,98,12.339,11.667,7.053,3.413,14303232,7029760,56305281,21996468,0,0,1759,0,3,91,2689,0,10.466
wrapper_child,pruned,off,99,11.645,10.96,6.902,3.311,14204928,6931456,56298729,21380710,0,0,1753,0,2,95,2689,0,10.213000000000001
wrapper_child,pruned,local,0,26.577,25.019,11.654,7.727,17858560,10208832,66516685,41825761,0,8192,1980,0,2,186,2689,0,19.381
wrapper_child,pruned,local,1,12.718,11.672,7.603,3.987,15499264,7734400,64656412,25012055,0,8192,1836,0,0,112,2689,0,11.59
wrapper_child,pruned,local,2,13.677,12.667,7.861,4.168,15597568,7832704,64724731,26293250,0,8192,1842,0,1,109,2689,0,12.029
wrapper_child,pruned,local,3,13.819,12.763,7.765,4.196,16318464,8569984,65177801,25908866,0,8192,1899,0,2,111,2689,0,11.960999999999999
wrapper_child,pruned,local,4,13.447,12.404,7.887,4.049,16449536,8750400,65349246,26064755,0,8192,1894,0,1,116,2689,0,11.936
wrapper_child,pruned,local,5,14.714,13.626,8.125,4.375,15646720,7898240,64776830,27000057,0,8192,1845,0,3,113,2689,0,12.5
wrapper_child,pruned,local,6,13.524,12.556,7.895,4.2,15548416,7783488,64747574,25826000,0,8192,1839,0,1,110,2689,0,12.094999999999999
wrapper_child,pruned,local,7,14.367,13.361,8.151,4.362,15499264,7717952,64858383,27180712,0,8192,1836,0,1,112,2689,0,12.513
wrapper_child,pruned,local,8,13.127,12.127,7.533,4.039,15269888,7472064,64707080,24856788,0,8192,1836,0,1,109,2689,0,11.572
wrapper_child,pruned,local,9,12.881,11.941,7.533,3.738,15368192,7586816,64634401,24586347,0,8192,1828,0,1,110,2689,0,11.271
wrapper_child,pruned,local,10,14.279,13.234,8.037,4.582,15695872,7963840,64763365,27237661,0,8192,1848,0,1,109,2689,0,12.619
wrapper_child,pruned,local,11,13.47,12.411,7.599,4.319,15646720,7881856,64887367,25158668,0,8192,1845,0,4,117,2689,0,11.918
wrapper_child,pruned,local,12,17.737,16.548,8.295,4.86,15810560,8029184,65737499,28304263,0,8192,1874,0,0,149,2689,0,13.155000000000001
wrapper_child,pruned,local,13,14.514,13.352,8.084,4.546,16416768,8717632,65247773,28478779,0,8192,1892,0,3,119,2689,0,12.629999999999999
wrapper_child,pruned,local,14,13.849,12.759,7.978,4.249,15319040,7537728,64728236,25729026,0,8192,1838,0,3,113,2689,0,12.227
wrapper_child,pruned,local,15,14.818,13.697,8.225,4.885,15745024,7930816,64860322,29105503,0,8192,1851,0,1,115,2689,0,13.11
wrapper_child,pruned,local,16,15.239,14.104,8.263,4.65,16089088,8340608,65180732,29144739,0,8192,1874,0,0,118,2689,0,12.913
wrapper_child,pruned,local,17,12.996,12.114,7.563,3.673,15253504,7455744,64666460,24862466,0,8192,1822,0,1,112,2689,0,11.236
wrapper_child,pruned,local,18,13.743,12.787,7.835,4.125,15613952,7865536,64773836,26374388,0,8192,1844,0,2,110,2689,0,11.96
wrapper_child,pruned,local,19,13.901,12.84,7.997,4.278,16089088,8373504,65070088,27127922,0,8192,1874,0,1,120,2689,0,12.274999999999999
wrapper_child,pruned,local,20,13.097,12.189,7.737,3.733,15646720,7848896,64868436,25426063,0,8192,1845,0,2,114,2689,0,11.47
wrapper_child,pruned,local,21,14.602,13.436,8.169,4.464,15630336,7865408,64947745,27933824,0,8192,1862,0,1,122,2689,0,12.633000000000001
wrapper_child,pruned,local,22,13.612,12.557,7.982,4.115,15499264,7734336,64744598,26242487,0,8192,1837,0,1,115,2689,0,12.097000000000001
wrapper_child,pruned,local,23,13.422,12.487,7.798,4.022,16433152,8701120,65242644,25549707,0,8192,1893,0,2,112,2689,0,11.82
wrapper_child,pruned,local,24,14.784,13.588,8.363,4.549,16285696,8553664,65286903,28420546,0,8192,1884,0,0,122,2689,0,12.911999999999999
wrapper_child,pruned,local,25,13.964,12.491,7.836,4.495,15794176,8045760,64951790,26550085,4096,8192,1854,0,3,112,2689,0,12.331
wrapper_child,pruned,local,26,15.084,13.906,8.159,5.059,16039936,8373696,66028697,29469796,0,8192,1870,0,1,127,2689,0,13.218
wrapper_child,pruned,local,27,14.768,13.726,8.205,4.331,15990784,8258752,65005939,27475084,0,8192,1867,0,2,114,2689,0,12.536000000000001
wrapper_child,pruned,local,28,14.17,13.059,7.83,4.477,16990208,9323968,65537083,28002586,0,8192,1927,0,1,119,2689,0,12.307
wrapper_child,pruned,local,29,13.324,12.389,7.651,3.801,15548416,7816384,64811485,25150088,0,8192,1840,0,2,115,2689,0,11.452
wrapper_child,pruned,local,30,14.931,13.871,8.535,4.859,16072704,8324288,65274246,29522264,0,8192,1872,0,2,125,2689,0,13.394
wrapper_child,pruned,local,31,15.632,14.708,7.967,4.202,15450112,7652352,64782831,27008278,0,8192,1833,0,1,113,2689,0,12.169
wrapper_child,pruned,local,32,13.526,12.586,7.787,4.142,15597568,7816192,64878394,26616752,0,8192,1846,0,0,115,2689,0,11.929
wrapper_child,pruned,local,33,15.401,14.127,7.964,4.591,15630336,7881856,64954031,27529496,0,8192,1844,0,1,122,2689,0,12.555
wrapper_child,pruned,local,34,14.264,13.045,7.935,4.434,15892480,8144000,65008775,27910308,0,8192,1860,0,2,121,2689,0,12.369
wrapper_child,pruned,local,35,15.203,13.959,8.021,4.842,15958016,8209536,65168521,28069521,0,8192,1864,0,2,122,2689,0,12.863
wrapper_child,pruned,local,36,14.461,13.298,8.092,4.666,15974400,8209536,65328626,29058300,0,8192,1865,0,3,119,2689,0,12.758000000000001
wrapper_child,pruned,local,37,13.915,12.877,8.033,4.23,15564800,7799872,64865790,27525111,0,8192,1840,0,2,115,2689,0,12.263
wrapper_child,pruned,local,38,14.226,13.213,8.022,4.417,15351808,7554048,64848225,27357599,0,8192,1842,0,2,115,2689,0,12.439
wrapper_child,pruned,local,39,13.922,12.961,7.567,4.437,15400960,7636032,64733887,26930511,0,8192,1830,0,2,112,2689,0,12.004000000000001
wrapper_child,pruned,local,40,14.313,13.139,8.022,4.564,15597568,7816256,64983983,27495390,0,8192,1842,0,1,119,2689,0,12.586
wrapper_child,pruned,local,41,14.918,13.858,8.046,4.437,15237120,7439360,64702618,27493049,0,8192,1820,0,2,111,2689,0,12.483
wrapper_child,pruned,local,42,14.126,13.097,7.89,4.422,15335424,7537664,64720920,26800419,0,8192,1827,0,2,112,2689,0,12.312
wrapper_child,pruned,local,43,13.123,12.055,7.654,4.146,15351808,7537600,64676300,25833136,0,8192,1827,0,2,110,2689,0,11.8
wrapper_child,pruned,local,44,14.812,13.757,8.27,4.809,15712256,7947328,64880692,28176141,0,8192,1849,0,0,111,2689,0,13.079
wrapper_child,pruned,local,45,13.692,12.79,7.895,4.032,15630336,7865408,64959654,26501952,4096,8192,1844,0,2,112,2689,0,11.927
wrapper_child,pruned,local,46,14.478,13.42,8.203,4.432,15712256,7930944,64982090,27708998,0,8192,1850,0,1,114,2689,0,12.635
wrapper_child,pruned,local,47,20.434,19.379,8.192,4.971,15695872,7914496,65024274,28565660,0,8192,1848,0,2,113,2689,0,13.163
wrapper_child,pruned,local,48,14.093,13.024,7.96,4.291,15597568,7849088,64880757,25980113,0,8192,1842,0,0,114,2689,0,12.251000000000001
wrapper_child,pruned,local,49,14.765,13.664,7.96,4.723,16056320,8275008,65052897,28588116,0,8192,1871,0,2,113,2689,0,12.683
wrapper_child,pruned,local,50,51.825,50.575,8.625,5.264,16023552,8258624,65346748,29740882,0,8192,1871,0,0,130,2689,0,13.889
wrapper_child,pruned,local,51,14.231,13.085,8.013,4.517,16482304,8783168,65385329,26493937,0,8192,1896,0,4,118,2689,0,12.530000000000001
wrapper_child,pruned,local,52,13.023,11.996,7.558,4.042,15417344,7635968,64785909,25422004,0,8192,1831,0,1,113,2689,0,11.6
wrapper_child,pruned,local,53,14.771,13.704,8.129,4.74,15581184,7816320,64843019,28270484,0,8192,1841,0,1,110,2689,0,12.869
wrapper_child,pruned,local,54,14.991,13.902,8.09,4.613,15499264,7750784,64842967,27950923,0,8192,1836,0,2,111,2689,0,12.703
wrapper_child,pruned,local,55,14.315,13.221,7.689,4.289,15728640,7963712,64972088,26436282,0,8192,1850,0,2,116,2689,0,11.978
wrapper_child,pruned,local,56,14.071,12.952,7.709,4.731,15548416,7783488,64883722,27381034,0,8192,1839,0,2,109,2689,0,12.44
wrapper_child,pruned,local,57,13.511,12.281,7.641,4.199,15745024,7980160,64843713,26211885,0,8192,1851,0,2,108,2689,0,11.84
wrapper_child,pruned,local,58,14.844,13.794,8.059,4.941,15335424,7586880,64785428,28399605,0,8192,1826,0,1,112,2689,0,13.0
wrapper_child,pruned,local,59,14.015,12.889,7.595,4.312,15745024,7980096,64921147,26412746,0,8192,1851,0,1,112,2689,0,11.907
wrapper_child,pruned,local,60,14.384,13.212,7.928,4.508,15630336,7865408,64778053,28181283,0,8192,1844,0,2,111,2689,0,12.436
wrapper_child,pruned,local,61,20.006,18.863,7.925,4.568,15400960,7636096,64877677,27376537,4096,8192,1830,0,5,111,2689,0,12.492999999999999
wrapper_child,pruned,local,62,15.016,13.769,8.489,4.762,15810560,8062080,64993699,28324380,0,8192,1868,0,2,116,2689,0,13.251000000000001
wrapper_child,pruned,local,63,15.483,14.28,8.603,4.911,16957440,9291200,65716922,29066225,0,8192,1938,0,1,111,2689,0,13.514
wrapper_child,pruned,local,64,13.937,12.95,7.856,4.475,15679488,7931072,64938934,26821301,0,8192,1847,0,1,112,2689,0,12.331
wrapper_child,pruned,local,65,15.053,14.003,7.83,4.559,15482880,7685120,64756894,27477078,0,8192,1835,0,2,111,2689,0,12.389
wrapper_child,pruned,local,66,14.443,13.383,8.191,4.75,15532032,7750720,64796086,27927875,0,8192,1838,0,1,112,2689,0,12.941
wrapper_child,pruned,local,67,15.259,14.11,8.148,5.21,15548416,7783552,64952573,30249533,0,8192,1839,0,2,112,2689,0,13.358
wrapper_child,pruned,local,68,14.908,13.84,8.448,4.643,16646144,8914112,65404161,28212373,0,8192,1906,0,1,110,2689,0,13.091000000000001
wrapper_child,pruned,local,69,14.099,12.959,7.953,4.656,15351808,7554048,64910370,26637275,0,8192,1827,0,3,112,2689,0,12.609
wrapper_child,pruned,local,70,14.502,13.371,7.829,4.679,15663104,7898240,64946013,27073549,0,8192,1846,0,1,112,2689,0,12.508
wrapper_child,pruned,local,71,14.672,13.591,8.251,4.649,15630336,7849024,64973552,27663650,0,8192,1844,0,1,114,2689,0,12.899999999999999
wrapper_child,pruned,local,72,16.156,14.828,8.091,4.544,15958016,8258880,65009370,27383771,0,8192,1864,0,2,117,2689,0,12.634999999999998
wrapper_child,pruned,local,73,14.509,13.357,8.191,4.605,15646720,7881792,64959410,28165909,0,8192,1845,0,2,118,2689,0,12.796000000000001
wrapper_child,pruned,local,74,14.76,13.487,8.226,4.832,16236544,8488128,65290571,29039948,0,8192,1884,0,3,122,2689,0,13.058
wrapper_child,pruned,local,75,14.037,12.969,8.07,4.243,15826944,8078464,65041902,27138375,0,8192,1856,0,2,115,2689,0,12.313
wrapper_child,pruned,local,76,14.514,13.446,8.164,4.619,15958016,8193152,65121662,28468323,0,8192,1864,0,2,118,2689,0,12.783
wrapper_child,pruned,local,77,13.953,12.995,8.115,4.149,15679488,7947456,64884024,26581024,0,8192,1850,0,3,115,2689,0,12.264
wrapper_child,pruned,local,78,14.461,13.34,8.249,4.374,15843328,8094912,65022980,27691267,0,8192,1858,0,2,119,2689,0,12.623000000000001
wrapper_child,pruned,local,79,13.945,12.712,7.955,4.451,15892480,8176896,65040417,27068313,0,8192,1875,0,3,118,2689,0,12.405999999999999
wrapper_child,pruned,local,80,14.523,13.254,8.23,4.774,16138240,8373376,65376238,27930120,0,8192,1875,0,2,128,2689,0,13.004000000000001
wrapper_child,pruned,local,81,14.226,13.053,7.955,4.434,15695872,7898048,64911895,27112219,0,8192,1848,0,1,117,2689,0,12.389
wrapper_child,pruned,local,82,14.698,13.455,8.182,4.575,15990784,8225920,65245245,28394973,0,8192,1880,0,2,115,2689,0,12.757000000000001
wrapper_child,pruned,local,83,13.708,12.606,7.876,4.143,15876096,8127616,65087822,26564468,0,8192,1860,0,0,114,2689,0,12.019
wrapper_child,pruned,local,84,14.595,13.557,8.111,4.825,15843328,8078400,65084832,29594531,0,8192,1858,0,0,117,2689,0,12.936
wrapper_child,pruned,local,85,14.186,13.175,7.983,4.416,16138240,8389760,65285307,26729371,0,8192,1875,0,3,120,2689,0,12.399000000000001
wrapper_child,pruned,local,86,13.229,12.23,7.838,4.303,15745024,7947264,64978698,26199001,0,8192,1852,0,2,115,2689,0,12.141
wrapper_child,pruned,local,87,13.271,12.281,7.844,3.87,15482880,7701568,64829919,25473023,0,8192,1835,0,1,113,2689,0,11.714
wrapper_child,pruned,local,88,14.552,13.467,8.22,4.606,15958016,8258880,65263026,27845578,0,8192,1864,0,2,127,2689,0,12.826
wrapper_child,pruned,local,89,13.846,12.61,7.884,4.501,16105472,8340608,65320722,27873235,0,8192,1874,0,1,117,2689,0,12.385000000000002
wrapper_child,pruned,local,90,13.585,12.615,7.708,4.63,15597568,7849088,65000320,27704104,0,8192,1842,0,1,118,2689,0,12.338000000000001
wrapper_child,pruned,local,91,14.305,13.216,8.117,4.493,16007168,8225856,65126087,28216159,0,8192,1881,0,2,120,2689,0,12.610000000000001
wrapper_child,pruned,local,92,13.337,12.458,7.49,3.952,15433728,7668864,64840251,25482206,0,8192,1832,0,2,114,2689,0,11.442
wrapper_child,pruned,local,93,13.509,12.566,7.586,4.158,15532032,7767168,64779007,25989737,0,8192,1838,0,1,108,2689,0,11.744
wrapper_child,pruned,local,94,14.183,13.009,7.973,4.425,16318464,8586496,65205364,27599220,0,8192,1886,0,2,114,2689,0,12.398
wrapper_child,pruned,local,95,14.697,13.671,8.364,4.457,15433728,7652352,64817194,27317208,0,8192,1832,0,1,114,2689,0,12.821000000000002
wrapper_child,pruned,local,96,13.616,12.613,7.752,4.218,15548416,7799936,64782439,26856445,0,8192,1839,0,2,109,2689,0,11.969999999999999
wrapper_child,pruned,local,97,13.508,12.516,7.658,4.059,15515648,7734336,64763616,26133501,0,8192,1839,0,3,109,2689,0,11.717
wrapper_child,pruned,local,98,13.426,12.458,7.871,3.906,15499264,7717888,64783910,25779689,0,8192,1836,0,1,112,2689,0,11.777000000000001
wrapper_child,pruned,local,99,13.278,12.309,7.495,4.114,16171008,8422592,65205553,26012882,0,8192,1877,0,1,112,2689,0,11.609
